model,displ,cyl,trans,drive,fuel,veh_class,air_pollution_score,city_mpg,hwy_mpg,cmb_mpg,greenhouse_gas_score,smartway
ACURA ILX,2.4,4.0,AMS-8,2WD,Gasoline,small car,3,24,34,28,6,No
ACURA MDX,3.0,6.0,AMS-7,4WD,Gasoline,small SUV,3,26,27,27,6,No
ACURA MDX,3.5,6.0,SemiAuto-9,2WD,Gasoline,small SUV,3,20,27,23,5,No
ACURA MDX,3.5,6.0,SemiAuto-9,4WD,Gasoline,small SUV,3,19,26,22,4,No
ACURA MDX A-spec,3.5,6.0,SemiAuto-9,4WD,Gasoline,small SUV,3,19,25,21,4,No
ACURA NSX,3.5,6.0,AMS-9,4WD,Gasoline,small car,3,21,22,21,4,No
ACURA RDX,2.0,4.0,SemiAuto-10,2WD,Gasoline,small SUV,6,22,28,24,5,No
ACURA RDX,2.0,4.0,SemiAuto-10,4WD,Gasoline,small SUV,6,21,27,23,5,No
ACURA RDX A-SPEC,2.0,4.0,SemiAuto-10,2WD,Gasoline,small SUV,6,22,27,24,5,No
ACURA RDX A-SPEC,2.0,4.0,SemiAuto-10,4WD,Gasoline,small SUV,6,21,26,23,5,No
ACURA RLX,3.5,6.0,AMS-7,4WD,Gasoline,midsize car,7,28,29,28,6,No
ACURA RLX,3.5,6.0,SemiAuto-10,2WD,Gasoline,midsize car,3,20,29,23,5,No
ACURA TLX,2.4,4.0,AMS-8,2WD,Gasoline,small car,3,23,33,27,6,No
ACURA TLX,3.5,6.0,SemiAuto-9,2WD,Gasoline,small car,3,20,31,24,5,No
ACURA TLX,3.5,6.0,SemiAuto-9,4WD,Gasoline,small car,3,20,29,23,5,No
ACURA TLX AWD A-SPEC,3.5,6.0,SemiAuto-9,4WD,Gasoline,small car,3,20,29,23,5,No
ACURA TLX FWD A-SPEC,2.4,4.0,AMS-8,2WD,Gasoline,small car,3,23,32,26,5,No
ACURA TLX FWD A-SPEC,3.5,6.0,SemiAuto-9,2WD,Gasoline,small car,3,20,30,23,5,No
ALFA ROMEO 4C,1.8,4.0,AutoMan-6,2WD,Gasoline,small car,1,24,34,28,6,No
ALFA ROMEO Giulia,2.0,4.0,Auto-8,2WD,Gasoline,midsize car,3,24,33,27,6,No
ALFA ROMEO Giulia,2.9,6.0,Auto-8,2WD,Gasoline,midsize car,3,17,25,20,4,No
ALFA ROMEO Giulia AWD,2.0,4.0,Auto-8,4WD,Gasoline,midsize car,3,23,31,26,5,No
ALFA ROMEO Stelvio,2.0,4.0,Auto-8,2WD,Gasoline,small SUV,3,22,29,25,5,No
ALFA ROMEO Stelvio AWD,2.0,4.0,Auto-8,4WD,Gasoline,small SUV,3,22,28,24,5,No
ALFA ROMEO Stelvio AWD,2.9,6.0,Auto-8,4WD,Gasoline,small SUV,3,17,23,19,3,No
ASTON MARTIN DB11,4.0,8.0,SemiAuto-8,2WD,Gasoline,small car,3,18,24,20,4,No
ASTON MARTIN DB11,5.2,12.0,SemiAuto-8,2WD,Gasoline,small car,3,15,22,18,3,No
ASTON MARTIN DBS,5.2,12.0,SemiAuto-8,2WD,Gasoline,small car,3,14,22,17,3,No
ASTON MARTIN Vantage,4.0,8.0,SemiAuto-8,2WD,Gasoline,small car,3,18,24,20,4,No
ASTON MARTIN Vantage Manual,4.0,8.0,Man-7,2WD,Gasoline,small car,3,14,21,20,4,No
AUDI A3,2.0,4.0,AMS-7,2WD,Gasoline,small car,7,27,36,30,7,Yes
AUDI A3,2.0,4.0,AMS-7,4WD,Gasoline,small car,7,22,30,25,5,No
AUDI A3 Cabriolet,2.0,4.0,AMS-7,4WD,Gasoline,small car,7,22,30,25,5,No
AUDI A4,2.0,4.0,AMS-7,2WD,Gasoline,small car,5,27,35,30,7,Yes
AUDI A4,2.0,4.0,AMS-7,4WD,Gasoline,small car,3,24,32,27,6,No
AUDI A4 allroad quattro,2.0,4.0,AMS-7,4WD,Gasoline,station wagon,3,23,31,26,5,No
AUDI A5,2.0,4.0,AMS-7,4WD,Gasoline,small car,3,24,32,27,6,No
AUDI A5 Cabriolet,2.0,4.0,AMS-7,4WD,Gasoline,small car,3,23,31,26,5,No
AUDI A5 Sportback quattro,2.0,4.0,AMS-7,4WD,Gasoline,midsize car,3,24,32,27,6,No
AUDI A6,2.0,4.0,AMS-7,4WD,Gasoline,midsize car,5,24,32,27,6,No
AUDI A6,3.0,6.0,AMS-7,4WD,Gasoline,midsize car,5,22,29,24,5,No
AUDI A6 Allroad,3.0,6.0,AMS-7,4WD,Gasoline,station wagon,5,20,26,22,4,No
AUDI A7,3.0,6.0,AMS-7,4WD,Gasoline,midsize car,5,22,29,24,5,No
AUDI A8 L,3.0,6.0,SemiAuto-8,4WD,Gasoline,large car,5,17,26,21,4,No
AUDI A8 L,4.0,8.0,SemiAuto-8,4WD,Gasoline,large car,3,15,23,18,3,No
AUDI Q3,2.0,4.0,SemiAuto-8,4WD,Gasoline,small SUV,7,19,27,22,4,No
AUDI Q5,2.0,4.0,SemiAuto-7,4WD,Gasoline,small SUV,5,22,28,24,5,No
AUDI Q7,2.0,4.0,SemiAuto-8,4WD,Gasoline,standard SUV,3,19,23,21,4,No
AUDI Q7,3.0,6.0,SemiAuto-8,4WD,Gasoline,standard SUV,5,17,21,18,3,No
AUDI Q8,3.0,6.0,SemiAuto-8,4WD,Gasoline,standard SUV,3,17,21,18,3,No
AUDI R8,5.2,10.0,AMS-7,4WD,Gasoline,small car,1,13,20,16,2,No
AUDI R8 Spyder,5.2,10.0,AMS-7,4WD,Gasoline,small car,1,13,20,16,2,No
AUDI RS Q8,4.0,8.0,SemiAuto-8,4WD,Gasoline,standard SUV,3,13,19,15,2,No
AUDI RS3,2.5,5.0,AMS-7,4WD,Gasoline,small car,3,19,28,23,5,No
AUDI S3,2.0,4.0,AMS-7,4WD,Gasoline,small car,3,22,29,25,5,No
AUDI S4,3.0,6.0,SemiAuto-8,4WD,Gasoline,small car,5,20,27,23,5,No
AUDI S5,3.0,6.0,SemiAuto-8,4WD,Gasoline,small car,5,20,27,23,5,No
AUDI S5 Cabriolet,3.0,6.0,SemiAuto-8,4WD,Gasoline,small car,5,19,26,22,4,No
AUDI S5 Sportback,3.0,6.0,SemiAuto-8,4WD,Gasoline,midsize car,5,20,27,23,5,No
AUDI S6,2.9,6.0,SemiAuto-8,4WD,Gasoline,midsize car,5,18,28,22,4,No
AUDI S7,2.9,6.0,SemiAuto-8,4WD,Gasoline,midsize car,5,18,28,22,4,No
AUDI S8,4.0,8.0,SemiAuto-8,4WD,Gasoline,large car,3,13,22,16,2,No
AUDI SQ5,3.0,6.0,SemiAuto-8,4WD,Gasoline,small SUV,5,18,23,20,4,No
AUDI SQ7,4.0,8.0,SemiAuto-8,4WD,Gasoline,standard SUV,3,15,21,17,3,No
AUDI SQ8,4.0,8.0,SemiAuto-8,4WD,Gasoline,standard SUV,3,15,21,17,3,No
AUDI TT Coupe,2.0,4.0,AMS-7,4WD,Gasoline,small car,7,23,31,26,5,No
AUDI TT RS,2.5,5.0,AMS-7,4WD,Gasoline,small car,3,19,29,23,5,No
AUDI TT Roadster,2.0,4.0,AMS-7,4WD,Gasoline,small car,7,23,31,26,5,No
AUDI TTS Coupe,2.0,4.0,AMS-7,4WD,Gasoline,small car,3,23,29,25,5,No
BENTLEY Bentayga,4.0,8.0,SemiAuto-8,4WD,Gasoline,standard SUV,3,14,23,17,3,No
BENTLEY Bentayga,6.0,12.0,SemiAuto-8,4WD,Gasoline,standard SUV,3,12,17,14,1,No
BENTLEY Chiron,8.0,16.0,AMS-7,4WD,Gasoline,small car,1,9,14,11,1,No
BENTLEY Continental GT,4.0,8.0,AMS-8,4WD,Gasoline,small car,3,16,26,19,3,No
BENTLEY Continental GT,6.0,12.0,AMS-8,4WD,Gasoline,small car,3,12,20,15,2,No
BENTLEY Continental GT Convertible,4.0,8.0,AMS-8,4WD,Gasoline,small car,3,16,26,19,3,No
BENTLEY Continental GT Convertible,6.0,12.0,AMS-8,4WD,Gasoline,small car,3,12,19,15,2,No
BENTLEY Flying Spur,6.0,12.0,AMS-8,4WD,Gasoline,midsize car,3,12,19,15,2,No
BENTLEY Mulsanne,6.8,8.0,SemiAuto-8,2WD,Gasoline,midsize car,1,10,16,12,1,No
BMW 228i ,2.0,4.0,SemiAuto-8,4WD,Gasoline,small car,7,23,33,27,6,No
BMW 230i Convertible,2.0,4.0,SemiAuto-8,2WD,Gasoline,small car,7,23,34,27,6,No
BMW 230i Coupe,2.0,4.0,Man-6,2WD,Gasoline,small car,7,21,32,25,5,No
BMW 230i Coupe,2.0,4.0,SemiAuto-8,2WD,Gasoline,small car,7,24,32,27,6,No
BMW 230i xDrive Convertible,2.0,4.0,SemiAuto-8,4WD,Gasoline,small car,7,21,31,24,5,No
BMW 230i xDrive Coupe,2.0,4.0,SemiAuto-8,4WD,Gasoline,small car,7,21,31,24,5,No
BMW 330i,2.0,4.0,SemiAuto-8,2WD,Gasoline,small car,7,26,36,30,7,Yes
BMW 330i,2.0,4.0,SemiAuto-8,4WD,Gasoline,small car,7,25,34,28,6,No
BMW 430i Convertible,2.0,4.0,SemiAuto-8,2WD,Gasoline,small car,7,23,34,27,6,No
BMW 430i Convertible,2.0,4.0,SemiAuto-8,4WD,Gasoline,small car,7,22,32,26,5,No
BMW 430i Coupe,2.0,4.0,Man-6,2WD,Gasoline,small car,7,21,33,25,5,No
BMW 430i Coupe,2.0,4.0,SemiAuto-8,2WD,Gasoline,small car,7,23,34,27,6,No
BMW 430i Coupe,2.0,4.0,SemiAuto-8,4WD,Gasoline,small car,7,21,31,24,5,No
BMW 430i Gran Coupe,2.0,4.0,SemiAuto-8,2WD,Gasoline,small car,7,23,34,27,6,No
BMW 430i Gran Coupe,2.0,4.0,SemiAuto-8,4WD,Gasoline,small car,7,21,31,24,5,No
BMW 440i Convertible,3.0,6.0,SemiAuto-8,2WD,Gasoline,small car,3,22,29,24,5,No
BMW 440i Convertible,3.0,6.0,SemiAuto-8,4WD,Gasoline,small car,3,20,28,23,5,No
BMW 440i Coupe,3.0,6.0,Man-6,2WD,Gasoline,small car,3,19,27,22,4,No
BMW 440i Coupe,3.0,6.0,Man-6,4WD,Gasoline,small car,3,18,28,21,4,No
BMW 440i Coupe,3.0,6.0,SemiAuto-8,2WD,Gasoline,small car,3,22,30,25,5,No
BMW 440i Coupe,3.0,6.0,SemiAuto-8,4WD,Gasoline,small car,3,22,30,25,5,No
BMW 440i Gran Coupe,3.0,6.0,SemiAuto-8,2WD,Gasoline,small car,3,22,30,25,5,No
BMW 440i Gran Coupe,3.0,6.0,SemiAuto-8,4WD,Gasoline,small car,3,22,30,25,5,No
BMW 530i,2.0,4.0,SemiAuto-8,2WD,Gasoline,midsize car,7,25,33,28,6,No
BMW 530i,2.0,4.0,SemiAuto-8,4WD,Gasoline,midsize car,7,24,31,27,6,No
BMW 540i,3.0,6.0,SemiAuto-8,2WD,Gasoline,midsize car,5,22,30,25,5,No
BMW 540i,3.0,6.0,SemiAuto-8,4WD,Gasoline,midsize car,5,22,29,25,5,No
BMW 740i,3.0,6.0,SemiAuto-8,2WD,Gasoline,large car,3,22,29,24,5,No
BMW 740i,3.0,6.0,SemiAuto-8,4WD,Gasoline,large car,3,20,28,23,5,No
BMW 750i,4.4,8.0,SemiAuto-8,4WD,Gasoline,large car,3,17,25,20,4,No
BMW 840i Convertible,3.0,6.0,SemiAuto-8,2WD,Gasoline,small car,3,22,29,24,5,No
BMW 840i Coupe,3.0,6.0,SemiAuto-8,2WD,Gasoline,small car,3,23,30,25,5,No
BMW 840i Gran Coupe,3.0,6.0,SemiAuto-8,2WD,Gasoline,midsize car,3,22,29,24,5,No
BMW 840i xDrive Convertible,3.0,6.0,SemiAuto-8,4WD,Gasoline,small car,3,20,27,23,5,No
BMW 840i xDrive Coupe,3.0,6.0,SemiAuto-8,4WD,Gasoline,small car,3,21,27,23,5,No
BMW 840i xDrive Gran Coupe,3.0,6.0,SemiAuto-8,4WD,Gasoline,midsize car,3,20,27,23,5,No
BMW Alpina B7,4.4,8.0,SemiAuto-8,4WD,Gasoline,large car,3,17,25,20,4,No
BMW M2 CS Coupe,3.0,6.0,AMS-7,2WD,Gasoline,small car,3,16,23,19,3,No
BMW M2 CS Coupe,3.0,6.0,Man-6,2WD,Gasoline,small car,3,17,24,20,4,No
BMW M2 Competition,3.0,6.0,AMS-7,2WD,Gasoline,small car,3,17,23,19,3,No
BMW M2 Competition,3.0,6.0,Man-6,2WD,Gasoline,small car,3,18,25,20,4,No
BMW M235i,2.0,4.0,SemiAuto-8,4WD,Gasoline,small car,3,23,32,26,5,No
BMW M240i Convertible,3.0,6.0,Man-6,2WD,Gasoline,small car,3,19,27,22,4,No
BMW M240i Convertible,3.0,6.0,SemiAuto-8,2WD,Gasoline,small car,3,22,30,25,5,No
BMW M240i Convertible,3.0,6.0,SemiAuto-8,4WD,Gasoline,small car,3,22,30,25,5,No
BMW M240i Coupe,3.0,6.0,Man-6,2WD,Gasoline,small car,3,19,27,22,4,No
BMW M240i Coupe,3.0,6.0,SemiAuto-8,2WD,Gasoline,small car,3,22,30,25,5,No
BMW M240i Coupe,3.0,6.0,SemiAuto-8,4WD,Gasoline,small car,3,22,30,25,5,No
BMW M240i Coupe M Performance,3.0,6.0,Man-6,2WD,Gasoline,small car,3,19,27,22,4,No
BMW M240i Coupe M Performance,3.0,6.0,SemiAuto-8,2WD,Gasoline,small car,3,22,30,25,5,No
BMW M240i Coupe M Performance,3.0,6.0,SemiAuto-8,4WD,Gasoline,small car,3,22,30,25,5,No
BMW M340i,3.0,6.0,SemiAuto-8,2WD,Gasoline,small car,5,22,30,25,5,No
BMW M340i,3.0,6.0,SemiAuto-8,4WD,Gasoline,small car,5,22,30,25,5,No
BMW M4 CS,3.0,6.0,AMS-7,2WD,Gasoline,small car,3,17,23,19,3,No
BMW M4 Convertible,3.0,6.0,AMS-7,2WD,Gasoline,small car,3,16,22,19,3,No
BMW M4 Convertible,3.0,6.0,Man-6,2WD,Gasoline,small car,3,17,25,20,4,No
BMW M4 Convertible Competition,3.0,6.0,AMS-7,2WD,Gasoline,small car,3,16,22,19,3,No
BMW M4 Convertible Competition,3.0,6.0,Man-6,2WD,Gasoline,small car,3,17,25,20,4,No
BMW M4 Coupe,3.0,6.0,AMS-7,2WD,Gasoline,small car,3,17,23,19,3,No
BMW M4 Coupe,3.0,6.0,Man-6,2WD,Gasoline,small car,3,18,25,20,4,No
BMW M4 Coupe Competition,3.0,6.0,AMS-7,2WD,Gasoline,small car,3,17,23,19,3,No
BMW M4 Coupe Competition,3.0,6.0,Man-6,2WD,Gasoline,small car,3,18,25,20,4,No
BMW M5,4.4,8.0,SemiAuto-8,4WD,Gasoline,midsize car,3,15,21,17,3,No
BMW M5 Competition,4.4,8.0,SemiAuto-8,4WD,Gasoline,midsize car,3,15,21,17,3,No
BMW M550i,4.4,8.0,SemiAuto-8,4WD,Gasoline,midsize car,3,18,25,20,4,No
BMW M760i xDrive,6.6,12.0,SemiAuto-8,4WD,Gasoline,large car,3,13,20,16,2,No
BMW M8 Competition Convertible,4.4,8.0,SemiAuto-8,4WD,Gasoline,small car,3,15,21,17,3,No
BMW M8 Competition Coupe,4.4,8.0,SemiAuto-8,4WD,Gasoline,small car,3,15,21,17,3,No
BMW M8 Competition Gran Coupe,4.4,8.0,SemiAuto-8,4WD,Gasoline,midsize car,3,15,21,17,3,No
BMW M8 Convertible,4.4,8.0,SemiAuto-8,4WD,Gasoline,small car,3,15,21,17,3,No
BMW M8 Coupe,4.4,8.0,SemiAuto-8,4WD,Gasoline,small car,3,15,21,17,3,No
BMW M8 Gran Coupe,4.4,8.0,SemiAuto-8,4WD,Gasoline,midsize car,3,15,21,17,3,No
BMW M850i xDrive,4.4,8.0,SemiAuto-8,4WD,Gasoline,small car,3,18,25,20,4,No
BMW M850i xDrive Convertible,4.4,8.0,SemiAuto-8,4WD,Gasoline,small car,3,17,25,20,4,No
BMW M850i xDrive Gran Coupe,4.4,8.0,SemiAuto-8,4WD,Gasoline,midsize car,3,17,25,20,4,No
BMW X1 sDrive28i,2.0,4.0,SemiAuto-8,2WD,Gasoline,large car,7,24,33,27,6,No
BMW X1 xDrive28i,2.0,4.0,SemiAuto-8,4WD,Gasoline,large car,7,23,31,26,5,No
BMW X2 M35i,2.0,4.0,SemiAuto-8,4WD,Gasoline,midsize car,3,23,30,26,5,No
BMW X2 sDrive28i,2.0,4.0,SemiAuto-8,2WD,Gasoline,midsize car,7,24,32,27,6,No
BMW X2 xDrive28i,2.0,4.0,SemiAuto-8,4WD,Gasoline,midsize car,7,24,31,27,6,No
BMW X3 M,3.0,6.0,SemiAuto-8,4WD,Gasoline,small SUV,3,14,19,16,2,No
BMW X3 M Competition,3.0,6.0,SemiAuto-8,4WD,Gasoline,small SUV,3,14,19,16,2,No
BMW X3 M40i,3.0,6.0,SemiAuto-8,4WD,Gasoline,small SUV,5,21,27,23,5,No
BMW X3 sDrive30i,2.0,4.0,SemiAuto-8,2WD,Gasoline,small SUV,7,25,29,27,6,No
BMW X3 xDrive30i,2.0,4.0,SemiAuto-8,4WD,Gasoline,small SUV,7,24,29,26,5,No
BMW X4 M,3.0,6.0,SemiAuto-8,4WD,Gasoline,small SUV,3,14,19,16,2,No
BMW X4 M Competition,3.0,6.0,SemiAuto-8,4WD,Gasoline,small SUV,3,14,19,16,2,No
BMW X4 M40i,3.0,6.0,SemiAuto-8,4WD,Gasoline,small SUV,5,21,27,23,5,No
BMW X4 xDrive30i,2.0,4.0,SemiAuto-8,4WD,Gasoline,small SUV,7,23,28,25,5,No
BMW X5 M,4.4,8.0,SemiAuto-8,4WD,Gasoline,standard SUV,3,13,18,15,2,No
BMW X5 M Competition,4.4,8.0,SemiAuto-8,4WD,Gasoline,standard SUV,3,13,18,15,2,No
BMW X5 M50i,4.4,8.0,SemiAuto-8,4WD,Gasoline,standard SUV,3,16,22,18,3,No
BMW X5 sDrive40i,3.0,6.0,SemiAuto-8,2WD,Gasoline,standard SUV,3,21,26,23,5,No
BMW X5 xDrive40i,3.0,6.0,SemiAuto-8,4WD,Gasoline,standard SUV,3,20,26,22,4,No
BMW X5 xDrive50i,4.4,8.0,SemiAuto-8,4WD,Gasoline,standard SUV,3,16,22,18,3,No
BMW X6 M,4.4,8.0,SemiAuto-8,4WD,Gasoline,standard SUV,3,13,18,15,2,No
BMW X6 M Competition,4.4,8.0,SemiAuto-8,4WD,Gasoline,standard SUV,3,13,18,15,2,No
BMW X6 M50i,4.4,8.0,SemiAuto-8,4WD,Gasoline,standard SUV,3,16,22,18,3,No
BMW X6 sDrive40i,3.0,6.0,SemiAuto-8,2WD,Gasoline,standard SUV,3,21,26,23,5,No
BMW X6 xDrive40i,3.0,6.0,SemiAuto-8,4WD,Gasoline,standard SUV,3,20,26,22,4,No
BMW X7 M50i,4.4,8.0,SemiAuto-8,4WD,Gasoline,standard SUV,3,15,21,17,3,No
BMW X7 xDrive40i,3.0,6.0,SemiAuto-8,4WD,Gasoline,standard SUV,3,20,25,22,4,No
BMW X7 xDrive50i,4.4,8.0,SemiAuto-8,4WD,Gasoline,standard SUV,3,15,21,17,3,No
BMW Z4,2.0,4.0,SemiAuto-8,2WD,Gasoline,small car,7,24,32,27,6,No
BMW Z4 M40i,3.0,6.0,SemiAuto-8,2WD,Gasoline,small car,5,24,31,26,5,No
BUGATTI Divo,8.0,16.0,AMS-7,4WD,Gasoline,small car,1,9,13,10,1,No
BUICK Enclave,3.6,6.0,Auto-9,2WD,Gasoline,standard SUV,6,18,26,21,4,No
BUICK Enclave,3.6,6.0,Auto-9,4WD,Gasoline,standard SUV,6,17,25,20,4,No
BUICK Encore,1.4,4.0,SemiAuto-6,2WD,Gasoline,small SUV,5,25,30,27,6,No
BUICK Encore,1.4,4.0,SemiAuto-6,4WD,Gasoline,small SUV,5,24,29,26,5,No
BUICK Encore GX,1.2,3.0,CVT,2WD,Gasoline,small SUV,7,26,30,28,6,No
BUICK Encore GX,1.3,3.0,Auto-9,4WD,Gasoline,small SUV,7,26,29,28,6,No
BUICK Encore GX,1.3,3.0,CVT,2WD,Gasoline,small SUV,7,30,32,31,7,Yes
BUICK Envision,2.0,4.0,Auto-9,4WD,Gasoline,small SUV,5,20,25,22,4,No
BUICK Envision,2.5,4.0,Auto-6,2WD,Gasoline,small SUV,5,22,29,25,5,No
BUICK Envision,2.5,4.0,Auto-6,4WD,Gasoline,small SUV,5,21,27,24,5,No
BUICK Regal,2.0,4.0,SemiAuto-8,4WD,Gasoline,midsize car,5,21,29,24,5,No
BUICK Regal,2.0,4.0,SemiAuto-9,2WD,Gasoline,midsize car,5,22,32,26,5,No
BUICK Regal,3.6,6.0,SemiAuto-9,4WD,Gasoline,midsize car,6,19,27,22,4,No
BUICK Regal Tour X,2.0,4.0,SemiAuto-8,4WD,Gasoline,station wagon,5,21,29,24,5,No
CADILLAC CT4,2.0,4.0,SemiAuto-8,2WD,Gasoline,small car,6,23,34,27,6,No
CADILLAC CT4,2.0,4.0,SemiAuto-8,4WD,Gasoline,small car,6,23,32,26,5,No
CADILLAC CT4,2.7,4.0,SemiAuto-10,2WD,Gasoline,small car,6,20,30,24,5,No
CADILLAC CT4,2.7,4.0,SemiAuto-10,4WD,Gasoline,small car,6,20,28,23,5,No
CADILLAC CT4 V,2.7,4.0,SemiAuto-10,2WD,Gasoline,small car,6,20,29,23,5,No
CADILLAC CT4 V,2.7,4.0,SemiAuto-10,4WD,Gasoline,small car,6,20,28,23,5,No
CADILLAC CT5,2.0,4.0,SemiAuto-10,2WD,Gasoline,midsize car,6,23,32,26,5,No
CADILLAC CT5,2.0,4.0,SemiAuto-10,4WD,Gasoline,midsize car,6,21,31,25,5,No
CADILLAC CT5,3.0,6.0,SemiAuto-10,2WD,Gasoline,midsize car,5,19,26,21,4,No
CADILLAC CT5,3.0,6.0,SemiAuto-10,4WD,Gasoline,midsize car,5,18,25,21,4,No
CADILLAC CT5 V,3.0,6.0,SemiAuto-10,2WD,Gasoline,midsize car,5,18,26,21,4,No
CADILLAC CT5 V,3.0,6.0,SemiAuto-10,4WD,Gasoline,midsize car,5,17,25,20,4,No
CADILLAC CT6,3.6,6.0,SemiAuto-10,4WD,Gasoline,large car,5,18,27,21,4,No
CADILLAC CT6,4.2,8.0,SemiAuto-10,4WD,Gasoline,large car,3,14,25,17,3,No
CADILLAC Escalade,6.2,8.0,Auto-10,2WD,Gasoline,standard SUV,3,14,23,17,3,No
CADILLAC Escalade,6.2,8.0,Auto-10,4WD,Gasoline,standard SUV,3,14,21,17,3,No
CADILLAC XT4,2.0,4.0,SemiAuto-9,2WD,Gasoline,small SUV,6,24,30,26,5,No
CADILLAC XT4,2.0,4.0,SemiAuto-9,4WD,Gasoline,small SUV,6,22,29,24,5,No
CADILLAC XT5,2.0,4.0,SemiAuto-9,2WD,Gasoline,small SUV,6,21,28,24,5,No
CADILLAC XT5,2.0,4.0,SemiAuto-9,4WD,Gasoline,small SUV,6,21,26,23,5,No
CADILLAC XT5,3.6,6.0,SemiAuto-9,2WD,Gasoline,small SUV,6,18,26,21,4,No
CADILLAC XT5,3.6,6.0,SemiAuto-9,4WD,Gasoline,small SUV,6,18,25,20,4,No
CADILLAC XT6,3.6,6.0,SemiAuto-9,2WD,Gasoline,small SUV,6,18,25,20,4,No
CADILLAC XT6,3.6,6.0,SemiAuto-9,4WD,Gasoline,small SUV,6,17,24,20,4,No
CHEVROLET Blazer,2.0,4.0,Auto-9,2WD,Gasoline,small SUV,6,21,28,24,5,No
CHEVROLET Blazer,2.0,4.0,Auto-9,4WD,Gasoline,small SUV,6,21,27,23,5,No
CHEVROLET Blazer,2.5,4.0,Auto-9,2WD,Gasoline,small SUV,5,21,27,23,5,No
CHEVROLET Blazer,3.6,6.0,Auto-9,2WD,Gasoline,small SUV,6,19,26,21,4,No
CHEVROLET Blazer,3.6,6.0,Auto-9,4WD,Gasoline,small SUV,6,18,25,21,4,No
CHEVROLET Camaro,2.0,4.0,Man-6,2WD,Gasoline,small car,5,20,30,23,5,No
CHEVROLET Camaro,2.0,4.0,SemiAuto-8,2WD,Gasoline,small car,5,22,31,25,5,No
CHEVROLET Camaro,3.6,6.0,Man-6,2WD,Gasoline,small car,6,16,26,20,4,No
CHEVROLET Camaro,3.6,6.0,SemiAuto-10,2WD,Gasoline,small car,6,19,29,22,4,No
CHEVROLET Camaro,6.2,8.0,Man-6,2WD,Gasoline,small car,1,14,20,16,2,No
CHEVROLET Camaro,6.2,8.0,Man-6,2WD,Gasoline,small car,1,16,24,19,3,No
CHEVROLET Camaro,6.2,8.0,SemiAuto-10,2WD,Gasoline,small car,1,13,21,16,2,No
CHEVROLET Camaro,6.2,8.0,SemiAuto-10,2WD,Gasoline,small car,1,16,27,20,4,No
CHEVROLET Colorado,2.5,4.0,Auto-6,2WD,Gasoline,pickup,5,20,26,22,4,No
CHEVROLET Colorado,2.5,4.0,Auto-6,4WD,Gasoline,pickup,5,19,24,21,4,No
CHEVROLET Colorado,2.8,4.0,Auto-6,2WD,Diesel,pickup,3,20,30,23,4,No
CHEVROLET Colorado,2.8,4.0,Auto-6,4WD,Diesel,pickup,3,19,28,22,4,No
CHEVROLET Colorado,3.6,6.0,Auto-8,2WD,Gasoline,pickup,5,18,25,20,4,No
CHEVROLET Colorado,3.6,6.0,Auto-8,4WD,Gasoline,pickup,5,17,24,19,3,No
CHEVROLET Colorado ZR2,2.8,4.0,Auto-6,4WD,Diesel,pickup,3,18,22,19,3,No
CHEVROLET Colorado ZR2,3.6,6.0,Auto-8,4WD,Gasoline,pickup,5,16,18,17,3,No
CHEVROLET Corvette,6.2,8.0,SemiAuto-8,2WD,Gasoline,small car,3,15,27,19,3,No
CHEVROLET Equinox,1.5,4.0,Auto-6,2WD,Gasoline,small SUV,7,26,31,28,6,No
CHEVROLET Equinox,1.5,4.0,Auto-6,4WD,Gasoline,small SUV,7,25,30,27,6,No
CHEVROLET Equinox,2.0,4.0,Auto-9,2WD,Gasoline,small SUV,5,22,29,25,5,No
CHEVROLET Equinox,2.0,4.0,Auto-9,4WD,Gasoline,small SUV,5,22,28,24,5,No
CHEVROLET Impala,3.6,6.0,SemiAuto-6,2WD,Gasoline,large car,7,19,28,22,4,No
CHEVROLET Malibu,1.5,4.0,CVT,2WD,Gasoline,midsize car,6,29,36,32,7,Yes
CHEVROLET Malibu,1.5,4.0,CVT,2WD,Gasoline,midsize car,7,29,36,32,7,Yes
CHEVROLET Malibu,2.0,4.0,Auto-9,2WD,Gasoline,midsize car,5,22,32,26,5,No
CHEVROLET Silverado,2.7,4.0,Auto-8,2WD,Gasoline,pickup,6,19,22,20,4,No
CHEVROLET Silverado,2.7,4.0,Auto-8,2WD,Gasoline,pickup,6,20,23,21,4,No
CHEVROLET Silverado,2.7,4.0,Auto-8,4WD,Gasoline,pickup,6,19,22,20,4,No
CHEVROLET Silverado,3.0,6.0,Auto-10,2WD,Diesel,pickup,1,23,33,27,5,No
CHEVROLET Silverado,3.0,6.0,Auto-10,4WD,Diesel,pickup,1,23,29,25,4,No
CHEVROLET Silverado,4.3,6.0,Auto-6,2WD,Gasoline,pickup,6,16,21,17,3,No
CHEVROLET Silverado,4.3,6.0,Auto-6,2WD,Gasoline,special purpose,6,15,19,17,3,No
CHEVROLET Silverado,4.3,6.0,Auto-6,4WD,Gasoline,pickup,6,15,20,17,3,No
CHEVROLET Silverado,4.3,6.0,Auto-6,4WD,Gasoline,special purpose,6,14,16,15,2,No
CHEVROLET Silverado,5.3,8.0,Auto-10,4WD,Gasoline,pickup,5,16,22,19,3,No
CHEVROLET Silverado,5.3,8.0,Auto-6,2WD,Gasoline,pickup,5,15,21,17,3,No
CHEVROLET Silverado,5.3,8.0,Auto-6,2WD,Gasoline,special purpose,5,14,18,15,2,No
CHEVROLET Silverado,5.3,8.0,Auto-6,4WD,Gasoline,pickup,5,15,20,17,3,No
CHEVROLET Silverado,5.3,8.0,Auto-6,4WD,Gasoline,special purpose,5,14,17,15,2,No
CHEVROLET Silverado,5.3,8.0,Auto-8,2WD,Gasoline,pickup,5,17,23,19,3,No
CHEVROLET Silverado,5.3,8.0,Auto-8,2WD,Gasoline,pickup,5,17,24,20,4,No
CHEVROLET Silverado,5.3,8.0,Auto-8,4WD,Gasoline,pickup,5,16,22,18,3,No
CHEVROLET Silverado,6.2,8.0,Auto-10,4WD,Gasoline,pickup,3,16,20,17,3,No
CHEVROLET Silverado 4WD Trail Boss,4.3,6.0,Auto-6,4WD,Gasoline,pickup,6,14,18,16,2,No
CHEVROLET Silverado 4WD Trail Boss,5.3,8.0,Auto-10,4WD,Gasoline,pickup,5,16,21,18,3,No
CHEVROLET Silverado 4WD Trail Boss,5.3,8.0,Auto-6,4WD,Gasoline,pickup,5,14,18,16,2,No
CHEVROLET Silverado 4WD Trail Boss,5.3,8.0,Auto-8,4WD,Gasoline,pickup,5,16,21,18,3,No
CHEVROLET Silverado 4WD Trail Boss,6.2,8.0,Auto-10,4WD,Gasoline,pickup,3,14,18,15,2,No
CHEVROLET Silverado 4WD Trail Boss,6.2,8.0,Auto-10,4WD,Gasoline,pickup,3,15,19,17,3,No
CHEVROLET Sonic,1.4,4.0,SemiAuto-6,2WD,Gasoline,small car,5,26,34,29,6,No
CHEVROLET Sonic 5,1.4,4.0,SemiAuto-6,2WD,Gasoline,station wagon,5,26,34,29,6,No
CHEVROLET Spark,1.4,4.0,CVT,2WD,Gasoline,small car,5,30,38,33,7,Yes
CHEVROLET Spark,1.4,4.0,Man-5,2WD,Gasoline,small car,5,29,38,33,7,Yes
CHEVROLET Spark Activ,1.4,4.0,CVT,2WD,Gasoline,small car,5,30,37,33,7,Yes
CHEVROLET Spark Activ,1.4,4.0,Man-5,2WD,Gasoline,small car,5,29,37,32,7,Yes
CHEVROLET Suburban 1500,5.3,8.0,Auto-6,2WD,Gasoline,standard SUV,3,15,22,18,3,No
CHEVROLET Suburban 1500,5.3,8.0,Auto-6,4WD,Gasoline,standard SUV,3,14,21,16,2,No
CHEVROLET Suburban 1500,6.2,8.0,Auto-10,2WD,Gasoline,standard SUV,3,14,23,17,3,No
CHEVROLET Suburban 1500,6.2,8.0,Auto-10,4WD,Gasoline,standard SUV,3,14,20,16,2,No
CHEVROLET Tahoe 1500,5.3,8.0,Auto-6,2WD,Gasoline,standard SUV,3,15,22,18,3,No
CHEVROLET Tahoe 1500,5.3,8.0,Auto-6,4WD,Gasoline,standard SUV,3,15,21,17,3,No
CHEVROLET Tahoe 1500,6.2,8.0,Auto-10,2WD,Gasoline,standard SUV,3,14,23,17,3,No
CHEVROLET Tahoe 1500,6.2,8.0,Auto-10,4WD,Gasoline,standard SUV,3,14,22,17,3,No
CHEVROLET Traverse,3.6,6.0,Auto-9,2WD,Gasoline,standard SUV,6,18,27,21,4,No
CHEVROLET Traverse,3.6,6.0,Auto-9,4WD,Gasoline,standard SUV,6,17,25,20,4,No
CHEVROLET Trax,1.4,4.0,SemiAuto-6,2WD,Gasoline,small SUV,5,26,31,28,6,No
CHEVROLET Trax,1.4,4.0,SemiAuto-6,4WD,Gasoline,small SUV,5,24,29,26,5,No
CHRYSLER 300,3.6,6.0,Auto-8,2WD,Gasoline,large car,3,19,30,23,5,No
CHRYSLER 300,3.6,6.0,Auto-8,4WD,Gasoline,large car,3,18,27,21,4,No
CHRYSLER 300,5.7,8.0,Auto-8,2WD,Gasoline,large car,3,16,25,19,3,No
CHRYSLER Pacifica,3.6,6.0,Auto-9,2WD,Gasoline,minivan,7,19,28,22,4,No
CHRYSLER Voyager,3.6,6.0,Auto-9,2WD,Gasoline,minivan,7,19,28,22,4,No
DODGE Challenger,3.6,6.0,Auto-8,2WD,Gasoline,midsize car,3,19,30,23,5,No
DODGE Challenger,3.6,6.0,Auto-8,4WD,Gasoline,midsize car,3,18,27,21,4,No
DODGE Challenger,5.7,8.0,Auto-8,2WD,Gasoline,midsize car,3,16,25,19,3,No
DODGE Challenger,5.7,8.0,Man-6,2WD,Gasoline,midsize car,1,15,23,18,3,No
DODGE Challenger,6.4,8.0,Auto-8,2WD,Gasoline,midsize car,1,15,24,18,3,No
DODGE Challenger,6.4,8.0,Man-6,2WD,Gasoline,midsize car,1,14,23,17,3,No
DODGE Challenger SRT,6.2,8.0,Auto-8,2WD,Gasoline,midsize car,1,13,22,16,2,No
DODGE Challenger SRT,6.2,8.0,Man-6,2WD,Gasoline,midsize car,1,13,21,16,2,No
DODGE Challenger SRT Widebody,6.2,8.0,Auto-8,2WD,Gasoline,midsize car,1,13,21,15,2,No
DODGE Challenger SRT Widebody,6.2,8.0,Man-6,2WD,Gasoline,midsize car,1,13,21,16,2,No
DODGE Challenger Widebody,6.4,8.0,Auto-8,2WD,Gasoline,midsize car,1,15,24,18,3,No
DODGE Challenger Widebody,6.4,8.0,Man-6,2WD,Gasoline,midsize car,1,14,23,17,3,No
DODGE Charger,3.6,6.0,Auto-8,2WD,Gasoline,large car,3,19,30,23,5,No
DODGE Charger,3.6,6.0,Auto-8,4WD,Gasoline,large car,3,18,27,21,4,No
DODGE Charger,5.7,8.0,Auto-8,2WD,Gasoline,large car,3,16,25,19,3,No
DODGE Charger,6.4,8.0,Auto-8,2WD,Gasoline,large car,1,15,24,18,3,No
DODGE Charger SRT Widebody,6.2,8.0,Auto-8,2WD,Gasoline,large car,1,12,21,15,2,No
DODGE Charger Widebody,6.4,8.0,Auto-8,2WD,Gasoline,large car,1,15,24,18,3,No
DODGE Durango,3.6,6.0,Auto-8,2WD,Gasoline,standard SUV,7,19,26,21,4,No
DODGE Durango,3.6,6.0,Auto-8,4WD,Gasoline,standard SUV,7,18,25,21,4,No
DODGE Durango,5.7,8.0,Auto-8,2WD,Gasoline,standard SUV,3,14,22,17,3,No
DODGE Durango,5.7,8.0,Auto-8,4WD,Gasoline,standard SUV,3,14,22,17,3,No
DODGE Durango  SRT,6.4,8.0,Auto-8,4WD,Gasoline,standard SUV,1,13,19,15,2,No
DODGE Grand Caravan,3.6,6.0,Auto-6,2WD,Gasoline,minivan,5,17,25,20,4,No
DODGE Journey,2.4,4.0,Auto-4,2WD,Gasoline,small SUV,3,19,25,21,4,No
FERRARI 488 Pista,3.9,8.0,AutoMan-7,2WD,Gasoline,small car,3,15,20,17,3,No
FERRARI 488 Pista Spider,3.9,8.0,AutoMan-7,2WD,Gasoline,small car,3,15,19,17,3,No
FERRARI 812 Superfast,6.5,12.0,AutoMan-7,2WD,Gasoline,small car,3,12,16,13,1,No
FERRARI F8 Tributo,3.9,8.0,AutoMan-7,2WD,Gasoline,small car,3,15,19,16,2,No
FERRARI GTC4Lusso,6.3,12.0,AutoMan-7,4WD,Gasoline,small car,3,12,17,13,1,No
FERRARI GTC4Lusso T,3.9,8.0,AutoMan-7,2WD,Gasoline,small car,3,15,21,17,3,No
FERRARI Portofino,3.9,8.0,AutoMan-7,2WD,Gasoline,small car,3,16,22,18,3,No
FIAT 124 Spider,1.4,4.0,Auto-6,2WD,Gasoline,small car,3,25,36,29,6,No
FIAT 124 Spider,1.4,4.0,Man-6,2WD,Gasoline,small car,3,26,35,30,7,No
FIAT 500L,1.4,4.0,Auto-6,2WD,Gasoline,station wagon,3,22,30,25,5,No
FIAT 500X,1.3,4.0,Auto-9,4WD,Gasoline,small SUV,6,24,30,26,5,No
FORD EcoSport,1.0,3.0,SemiAuto-6,2WD,Gasoline,small SUV,5,27,29,28,6,No
FORD EcoSport,2.0,4.0,SemiAuto-6,4WD,Gasoline,small SUV,5,23,29,25,5,No
FORD Edge,2.0,4.0,Auto-8,2WD,Gasoline,small SUV,5,21,29,24,5,No
FORD Edge,2.0,4.0,Auto-8,4WD,Gasoline,small SUV,5,21,28,23,5,No
FORD Edge,2.0,4.0,SemiAuto-8,4WD,Gasoline,small SUV,5,21,28,23,5,No
FORD Edge,2.7,6.0,SemiAuto-8,4WD,Gasoline,small SUV,5,19,26,21,4,No
FORD Escape,1.5,3.0,Auto-8,2WD,Gasoline,small SUV,7,27,33,30,7,Yes
FORD Escape,1.5,3.0,Auto-8,4WD,Gasoline,small SUV,7,26,31,28,6,No
FORD Escape,2.0,4.0,SemiAuto-8,4WD,Gasoline,small SUV,5,23,31,26,5,No
FORD Escape HEV,2.5,4.0,CVT,2WD,Gasoline,small SUV,7,44,37,41,9,Yes
FORD Escape HEV,2.5,4.0,CVT,4WD,Gasoline,small SUV,7,43,37,40,9,Yes
FORD Expedition,3.5,6.0,SemiAuto-10,2WD,Gasoline,standard SUV,5,17,23,19,3,No
FORD Expedition,3.5,6.0,SemiAuto-10,4WD,Gasoline,standard SUV,5,17,22,19,3,No
FORD Expedition MAX,3.5,6.0,SemiAuto-10,2WD,Gasoline,standard SUV,5,17,23,19,3,No
FORD Expedition MAX,3.5,6.0,SemiAuto-10,4WD,Gasoline,standard SUV,5,16,21,18,3,No
FORD Explorer,2.3,4.0,SemiAuto-10,2WD,Gasoline,standard SUV,5,21,28,24,5,No
FORD Explorer,2.3,4.0,SemiAuto-10,4WD,Gasoline,standard SUV,5,20,27,23,5,No
FORD Explorer,3.0,6.0,SemiAuto-10,4WD,Gasoline,standard SUV,5,18,24,20,4,No
FORD Explorer HEV,3.3,6.0,SemiAuto-10,2WD,Gasoline,standard SUV,5,27,29,28,6,No
FORD Explorer HEV,3.3,6.0,SemiAuto-10,4WD,Gasoline,standard SUV,5,23,26,25,5,No
FORD F150,2.7,6.0,SemiAuto-10,2WD,Gasoline,pickup,5,20,26,22,4,No
FORD F150,2.7,6.0,SemiAuto-10,4WD,Gasoline,pickup,5,18,23,20,4,No
FORD F150,3.0,6.0,SemiAuto-10,2WD,Diesel,pickup,1,21,28,24,4,No
FORD F150,3.0,6.0,SemiAuto-10,2WD,Diesel,pickup,1,21,29,24,4,No
FORD F150,3.0,6.0,SemiAuto-10,4WD,Diesel,pickup,1,20,25,22,3,No
FORD F150,3.5,6.0,SemiAuto-10,2WD,Gasoline,pickup,5,17,23,19,3,No
FORD F150,3.5,6.0,SemiAuto-10,4WD,Gasoline,pickup,5,16,22,18,3,No
FORD F150 Limited,3.5,6.0,SemiAuto-10,2WD,Gasoline,pickup,5,17,22,19,3,No
FORD F150 Limited,3.5,6.0,SemiAuto-10,4WD,Gasoline,pickup,5,17,21,19,3,No
FORD F150 Raptor,3.5,6.0,SemiAuto-10,4WD,Gasoline,pickup,5,15,18,16,2,No
FORD F150 XL/XLT,3.0,6.0,SemiAuto-10,4WD,Diesel,pickup,1,21,28,24,4,No
FORD Fusion,1.5,4.0,SemiAuto-6,2WD,Gasoline,midsize car,7,23,34,27,6,No
FORD Fusion,2.0,4.0,SemiAuto-6,2WD,Gasoline,midsize car,5,21,31,25,5,No
FORD Fusion,2.0,4.0,SemiAuto-6,4WD,Gasoline,midsize car,5,20,29,23,5,No
FORD Fusion,2.5,4.0,Auto-6,2WD,Gasoline,midsize car,5,21,31,24,5,No
FORD Fusion Hybrid,2.0,4.0,CVT,2WD,Gasoline,midsize car,7,43,41,42,9,Yes
FORD Fusion Hybrid Taxi,2.0,4.0,CVT,2WD,Gasoline,midsize car,7,43,40,41,9,Yes
FORD GT,3.5,6.0,AutoMan-7,2WD,Gasoline,small car,3,12,18,14,1,No
FORD Mustang,2.3,4.0,Man-6,2WD,Gasoline,small car,5,21,30,24,5,No
FORD Mustang,2.3,4.0,SemiAuto-10,2WD,Gasoline,small car,5,21,32,25,5,No
FORD Mustang,5.0,8.0,Man-6,2WD,Gasoline,small car,3,15,24,18,3,No
FORD Mustang,5.0,8.0,SemiAuto-10,2WD,Gasoline,small car,3,16,25,19,3,No
FORD Mustang Bullitt,5.0,8.0,Man-6,2WD,Gasoline,small car,3,14,23,17,3,No
FORD Mustang Convertible,2.3,4.0,Man-6,2WD,Gasoline,small car,5,20,28,23,5,No
FORD Mustang Convertible,2.3,4.0,SemiAuto-10,2WD,Gasoline,small car,5,20,28,23,5,No
FORD Mustang Convertible,5.0,8.0,SemiAuto-10,2WD,Gasoline,small car,3,15,24,18,3,No
FORD Mustang HO Convertible,2.3,4.0,Man-6,2WD,Gasoline,small car,5,19,26,22,4,No
FORD Mustang HO Convertible,2.3,4.0,SemiAuto-10,2WD,Gasoline,small car,5,20,27,23,5,No
FORD Mustang HO Coupe,2.3,4.0,Man-6,2WD,Gasoline,small car,5,20,27,23,5,No
FORD Mustang HO Coupe,2.3,4.0,SemiAuto-10,2WD,Gasoline,small car,5,20,28,23,5,No
FORD Ranger,2.3,4.0,SemiAuto-10,2WD,Gasoline,special purpose,3,19,18,18,3,No
FORD Ranger,2.3,4.0,SemiAuto-10,2WD,Gasoline,pickup,5,21,26,23,5,No
FORD Ranger,2.3,4.0,SemiAuto-10,4WD,Gasoline,pickup,5,20,24,22,4,No
FORD Shelby GT350 Mustang,5.2,8.0,Man-6,2WD,Gasoline,small car,3,14,21,16,2,No
FORD Shelby GT500 Mustang,5.2,8.0,AutoMan-7,2WD,Gasoline,small car,3,12,18,14,1,No
FORD Transit Connect,2.0,4.0,SemiAuto-8,2WD,Gasoline,special purpose,6,24,27,25,5,No
FORD Transit Connect,2.0,4.0,SemiAuto-8,2WD,Gasoline,special purpose,6,24,29,26,5,No
FORD Transit Connect,2.5,4.0,SemiAuto-6,2WD,Gasoline,special purpose,5,20,26,22,4,No
FORD Transit Connect,2.5,4.0,SemiAuto-6,2WD,Gasoline,special purpose,5,20,27,22,4,No
FORD Transit Connect USPS,2.5,4.0,SemiAuto-6,2WD,Gasoline,special purpose,5,20,27,22,4,No
GENESIS G70,2.0,4.0,Man-6,2WD,Gasoline,small car,3,18,28,22,4,No
GENESIS G70,2.0,4.0,SemiAuto-8,2WD,Gasoline,small car,3,22,30,25,5,No
GENESIS G70,2.0,4.0,SemiAuto-8,4WD,Gasoline,small car,3,20,27,23,5,No
GENESIS G70,3.3,6.0,SemiAuto-8,2WD,Gasoline,small car,3,17,26,20,4,No
GENESIS G70,3.3,6.0,SemiAuto-8,4WD,Gasoline,small car,3,17,25,20,4,No
GENESIS G80,3.3,6.0,SemiAuto-8,2WD,Gasoline,large car,3,17,25,20,4,No
GENESIS G80,3.3,6.0,SemiAuto-8,4WD,Gasoline,large car,3,17,24,20,4,No
GENESIS G80,3.8,6.0,SemiAuto-8,2WD,Gasoline,large car,5,18,26,21,4,No
GENESIS G80,3.8,6.0,SemiAuto-8,4WD,Gasoline,large car,5,18,24,20,4,No
GENESIS G80,5.0,8.0,SemiAuto-8,2WD,Gasoline,large car,5,16,24,19,3,No
GENESIS G80,5.0,8.0,SemiAuto-8,4WD,Gasoline,large car,5,15,23,18,3,No
GENESIS G90,3.3,6.0,SemiAuto-8,2WD,Gasoline,large car,3,17,25,20,4,No
GENESIS G90,3.3,6.0,SemiAuto-8,4WD,Gasoline,large car,3,17,25,20,4,No
GENESIS G90,5.0,8.0,SemiAuto-8,2WD,Gasoline,large car,5,16,24,19,3,No
GENESIS G90,5.0,8.0,SemiAuto-8,4WD,Gasoline,large car,5,15,23,18,3,No
GMC Acadia,2.0,4.0,Auto-9,2WD,Gasoline,standard SUV,6,21,28,24,5,No
GMC Acadia,2.0,4.0,Auto-9,4WD,Gasoline,standard SUV,6,21,27,23,5,No
GMC Acadia,2.5,4.0,Auto-9,2WD,Gasoline,standard SUV,5,21,27,23,5,No
GMC Acadia,3.6,6.0,Auto-9,2WD,Gasoline,standard SUV,6,19,27,22,4,No
GMC Acadia,3.6,6.0,Auto-9,4WD,Gasoline,standard SUV,6,18,25,21,4,No
GMC Canyon,2.5,4.0,Auto-6,2WD,Gasoline,pickup,5,20,26,22,4,No
GMC Canyon,2.5,4.0,Auto-6,4WD,Gasoline,pickup,5,19,24,21,4,No
GMC Canyon,2.8,4.0,Auto-6,2WD,Diesel,pickup,3,20,30,23,4,No
GMC Canyon,2.8,4.0,Auto-6,4WD,Diesel,pickup,3,19,28,22,4,No
GMC Canyon,3.6,6.0,Auto-8,2WD,Gasoline,pickup,5,18,25,20,4,No
GMC Canyon,3.6,6.0,Auto-8,4WD,Gasoline,pickup,5,17,24,19,3,No
GMC Sierra,2.7,4.0,Auto-8,2WD,Gasoline,pickup,6,19,22,20,4,No
GMC Sierra,2.7,4.0,Auto-8,2WD,Gasoline,pickup,6,20,23,21,4,No
GMC Sierra,2.7,4.0,Auto-8,4WD,Gasoline,pickup,6,19,22,20,4,No
GMC Sierra,3.0,6.0,Auto-10,2WD,Diesel,pickup,1,23,30,26,5,No
GMC Sierra,3.0,6.0,Auto-10,4WD,Diesel,pickup,1,22,26,24,4,No
GMC Sierra,4.3,6.0,Auto-6,2WD,Gasoline,pickup,6,16,21,17,3,No
GMC Sierra,4.3,6.0,Auto-6,2WD,Gasoline,special purpose,6,15,19,17,3,No
GMC Sierra,4.3,6.0,Auto-6,4WD,Gasoline,pickup,6,15,20,17,3,No
GMC Sierra,4.3,6.0,Auto-6,4WD,Gasoline,special purpose,6,14,16,15,2,No
GMC Sierra,5.3,8.0,Auto-10,4WD,Gasoline,pickup,5,16,22,19,3,No
GMC Sierra,5.3,8.0,Auto-6,2WD,Gasoline,pickup,5,15,21,17,3,No
GMC Sierra,5.3,8.0,Auto-6,2WD,Gasoline,special purpose,5,14,18,15,2,No
GMC Sierra,5.3,8.0,Auto-6,4WD,Gasoline,pickup,5,15,20,17,3,No
GMC Sierra,5.3,8.0,Auto-6,4WD,Gasoline,special purpose,5,14,17,15,2,No
GMC Sierra,5.3,8.0,Auto-8,2WD,Gasoline,pickup,5,17,23,19,3,No
GMC Sierra,5.3,8.0,Auto-8,2WD,Gasoline,pickup,5,17,24,20,4,No
GMC Sierra,5.3,8.0,Auto-8,4WD,Gasoline,pickup,5,16,22,18,3,No
GMC Sierra,6.2,8.0,Auto-10,4WD,Gasoline,pickup,3,15,20,17,3,No
GMC Sierra AT4,3.0,6.0,Auto-10,4WD,Diesel,pickup,1,22,26,24,4,No
GMC Sierra AT4,5.3,8.0,Auto-10,4WD,Gasoline,pickup,5,16,21,18,3,No
GMC Sierra AT4,5.3,8.0,Auto-6,4WD,Gasoline,pickup,5,14,18,16,2,No
GMC Sierra AT4,5.3,8.0,Auto-8,4WD,Gasoline,pickup,5,16,21,18,3,No
GMC Sierra AT4,6.2,8.0,Auto-10,4WD,Gasoline,pickup,3,15,19,17,3,No
GMC Terrain,1.5,4.0,Auto-9,2WD,Gasoline,small SUV,7,26,30,27,6,No
GMC Terrain,1.5,4.0,Auto-9,4WD,Gasoline,small SUV,7,25,28,26,5,No
GMC Terrain,2.0,4.0,Auto-9,2WD,Gasoline,small SUV,5,22,28,24,5,No
GMC Terrain,2.0,4.0,Auto-9,4WD,Gasoline,small SUV,5,21,26,23,5,No
GMC Yukon 1500,5.3,8.0,Auto-6,2WD,Gasoline,standard SUV,3,15,22,18,3,No
GMC Yukon 1500,5.3,8.0,Auto-6,4WD,Gasoline,standard SUV,3,15,21,17,3,No
GMC Yukon 1500,6.2,8.0,Auto-10,2WD,Gasoline,standard SUV,3,14,23,17,3,No
GMC Yukon 1500,6.2,8.0,Auto-10,4WD,Gasoline,standard SUV,3,14,22,17,3,No
GMC Yukon 1500 XL,5.3,8.0,Auto-6,2WD,Gasoline,standard SUV,3,15,22,18,3,No
GMC Yukon 1500 XL,5.3,8.0,Auto-6,4WD,Gasoline,standard SUV,3,14,21,16,2,No
GMC Yukon 1500 XL,6.2,8.0,Auto-10,2WD,Gasoline,standard SUV,3,14,23,17,3,No
GMC Yukon 1500 XL,6.2,8.0,Auto-10,4WD,Gasoline,standard SUV,3,14,20,16,2,No
HONDA Accord,1.5,4.0,CVT,2WD,Gasoline,large car,7,30,38,33,7,Yes
HONDA Accord,1.5,4.0,Man-6,2WD,Gasoline,large car,6,26,35,30,7,Yes
HONDA Accord,1.5,4.0,SCV-7,2WD,Gasoline,large car,7,29,35,31,7,Yes
HONDA Accord,2.0,4.0,CVT,2WD,Gasoline,large car,7,48,47,48,10,Elite
HONDA Accord,2.0,4.0,Man-6,2WD,Gasoline,large car,6,22,32,26,5,No
HONDA Accord,2.0,4.0,SemiAuto-10,2WD,Gasoline,large car,7,23,34,27,6,No
HONDA Accord 2.0T Sport/Touring,2.0,4.0,SemiAuto-10,2WD,Gasoline,midsize car,7,22,32,26,5,No
HONDA CR-V,1.5,4.0,CVT,2WD,Gasoline,small SUV,6,28,34,30,7,Yes
HONDA CR-V,1.5,4.0,CVT,4WD,Gasoline,small SUV,6,27,32,29,6,No
HONDA CR-V,2.0,4.0,CVT,4WD,Gasoline,small SUV,7,40,35,38,8,Yes
HONDA Civic 2Dr,1.5,4.0,CVT,2WD,Gasoline,small car,7,31,40,35,8,Yes
HONDA Civic 2Dr,1.5,4.0,CVT,2WD,Gasoline,small car,3,31,40,35,8,No
HONDA Civic 2Dr,1.5,4.0,Man-6,2WD,Gasoline,small car,3,26,36,30,7,No
HONDA Civic 2Dr,1.5,4.0,SCV-7,2WD,Gasoline,small car,7,30,37,33,7,Yes
HONDA Civic 2Dr,1.5,4.0,SCV-7,2WD,Gasoline,small car,3,30,37,33,7,No
HONDA Civic 2Dr,2.0,4.0,CVT,2WD,Gasoline,small car,7,30,38,33,7,Yes
HONDA Civic 2Dr,2.0,4.0,CVT,2WD,Gasoline,small car,3,30,38,33,7,No
HONDA Civic 2Dr,2.0,4.0,Man-6,2WD,Gasoline,small car,3,25,35,29,6,No
HONDA Civic 2Dr,2.0,4.0,SCV-7,2WD,Gasoline,small car,7,29,36,32,7,Yes
HONDA Civic 2Dr,2.0,4.0,SCV-7,2WD,Gasoline,small car,3,29,36,32,7,No
HONDA Civic 4Dr,1.5,4.0,CVT,2WD,Gasoline,midsize car,7,32,42,36,8,Yes
HONDA Civic 4Dr,1.5,4.0,CVT,2WD,Gasoline,midsize car,3,32,42,36,8,No
HONDA Civic 4Dr,1.5,4.0,Man-6,2WD,Gasoline,midsize car,3,26,36,30,7,No
HONDA Civic 4Dr,1.5,4.0,SCV-7,2WD,Gasoline,midsize car,7,30,38,33,7,Yes
HONDA Civic 4Dr,1.5,4.0,SCV-7,2WD,Gasoline,midsize car,3,30,38,33,7,No
HONDA Civic 4Dr,2.0,4.0,CVT,2WD,Gasoline,midsize car,7,30,38,33,7,Yes
HONDA Civic 4Dr,2.0,4.0,CVT,2WD,Gasoline,midsize car,3,30,38,33,7,No
HONDA Civic 4Dr,2.0,4.0,Man-6,2WD,Gasoline,midsize car,3,25,36,29,6,No
HONDA Civic 4Dr,2.0,4.0,SCV-7,2WD,Gasoline,midsize car,7,29,37,32,7,Yes
HONDA Civic 4Dr,2.0,4.0,SCV-7,2WD,Gasoline,midsize car,3,29,37,32,7,No
HONDA Civic 5Dr,1.5,4.0,CVT,2WD,Gasoline,large car,7,31,40,34,8,Yes
HONDA Civic 5Dr,1.5,4.0,CVT,2WD,Gasoline,large car,3,31,40,34,8,No
HONDA Civic 5Dr,1.5,4.0,Man-6,2WD,Gasoline,large car,3,29,37,32,7,No
HONDA Civic 5Dr,1.5,4.0,SCV-7,2WD,Gasoline,large car,7,29,35,32,7,Yes
HONDA Civic 5Dr,1.5,4.0,SCV-7,2WD,Gasoline,large car,3,29,35,32,7,No
HONDA Civic 5Dr,2.0,4.0,Man-6,2WD,Gasoline,large car,3,22,28,25,5,No
HONDA Fit,1.5,4.0,CVT,2WD,Gasoline,station wagon,7,33,40,36,8,Yes
HONDA Fit,1.5,4.0,Man-6,2WD,Gasoline,station wagon,3,29,36,31,7,No
HONDA Fit,1.5,4.0,SCV-7,2WD,Gasoline,station wagon,7,31,36,33,7,Yes
HONDA HR-V,1.8,4.0,CVT,2WD,Gasoline,station wagon,5,28,34,30,7,Yes
HONDA HR-V,1.8,4.0,CVT,4WD,Gasoline,station wagon,5,27,31,29,6,No
HONDA HR-V,1.8,4.0,SCV-7,2WD,Gasoline,station wagon,5,28,34,30,7,Yes
HONDA HR-V,1.8,4.0,SCV-7,4WD,Gasoline,station wagon,5,26,31,28,6,No
HONDA Insight,1.5,4.0,CVT,2WD,Gasoline,midsize car,7,55,49,52,10,Elite
HONDA Insight Touring,1.5,4.0,CVT,2WD,Gasoline,midsize car,7,51,45,48,10,Elite
HONDA Odyssey,3.5,6.0,SemiAuto-10,2WD,Gasoline,minivan,5,19,28,22,4,No
HONDA Passport,3.5,6.0,SemiAuto-9,2WD,Gasoline,small SUV,3,20,25,22,4,No
HONDA Passport,3.5,6.0,SemiAuto-9,4WD,Gasoline,small SUV,3,19,24,21,4,No
HONDA Pilot,3.5,6.0,Auto-6,2WD,Gasoline,small SUV,3,19,27,22,4,No
HONDA Pilot,3.5,6.0,Auto-6,4WD,Gasoline,small SUV,3,18,26,21,4,No
HONDA Pilot,3.5,6.0,SemiAuto-9,2WD,Gasoline,small SUV,3,20,27,23,5,No
HONDA Pilot,3.5,6.0,SemiAuto-9,4WD,Gasoline,small SUV,3,19,26,22,4,No
HONDA Ridgeline,3.5,6.0,SemiAuto-9,2WD,Gasoline,pickup,3,19,26,22,4,No
HONDA Ridgeline,3.5,6.0,SemiAuto-9,4WD,Gasoline,pickup,3,19,24,21,4,No
HYUNDAI Accent,1.6,4.0,CVT,2WD,Gasoline,small car,3,33,41,36,8,No
HYUNDAI Accent,1.6,4.0,Man-6,2WD,Gasoline,small car,3,29,39,33,7,No
HYUNDAI Elantra,1.4,4.0,AutoMan-7,2WD,Gasoline,midsize car,3,33,41,36,8,No
HYUNDAI Elantra,1.6,4.0,AutoMan-7,2WD,Gasoline,midsize car,5,26,33,29,6,No
HYUNDAI Elantra,2.0,4.0,CVT,2WD,Gasoline,midsize car,7,30,40,34,8,Yes
HYUNDAI Elantra,2.0,4.0,CVT,2WD,Gasoline,midsize car,5,30,40,34,8,Yes
HYUNDAI Elantra GT,1.6,4.0,AMS-7,2WD,Gasoline,large car,5,25,32,28,6,No
HYUNDAI Elantra GT,1.6,4.0,Man-6,2WD,Gasoline,large car,5,23,30,26,5,No
HYUNDAI Elantra GT,2.0,4.0,SemiAuto-6,2WD,Gasoline,large car,5,25,32,27,6,No
HYUNDAI Elantra SE,2.0,4.0,CVT,2WD,Gasoline,midsize car,7,31,41,35,8,Yes
HYUNDAI Elantra SE,2.0,4.0,CVT,2WD,Gasoline,midsize car,5,31,41,35,8,Yes
HYUNDAI Ioniq,1.6,4.0,AutoMan-6,2WD,Gasoline,large car,7,55,54,55,10,Elite
HYUNDAI Ioniq Blue,1.6,4.0,AutoMan-6,2WD,Gasoline,large car,7,57,59,58,10,Elite
HYUNDAI Kona,1.6,4.0,AutoMan-7,2WD,Gasoline,small SUV,5,28,32,30,7,Yes
HYUNDAI Kona,1.6,4.0,AutoMan-7,4WD,Gasoline,small SUV,5,26,29,27,6,No
HYUNDAI Kona,2.0,4.0,SemiAuto-6,2WD,Gasoline,small SUV,5,27,33,30,7,Yes
HYUNDAI Kona,2.0,4.0,SemiAuto-6,4WD,Gasoline,small SUV,5,26,30,28,6,No
HYUNDAI Palisade,3.8,6.0,SemiAuto-8,2WD,Gasoline,standard SUV,5,19,26,22,4,No
HYUNDAI Palisade,3.8,6.0,SemiAuto-8,4WD,Gasoline,standard SUV,5,19,24,21,4,No
HYUNDAI Santa Fe,2.0,4.0,SemiAuto-8,2WD,Gasoline,small SUV,5,20,27,23,5,No
HYUNDAI Santa Fe,2.0,4.0,SemiAuto-8,4WD,Gasoline,small SUV,5,20,26,22,4,No
HYUNDAI Santa Fe,2.4,4.0,SemiAuto-8,2WD,Gasoline,small SUV,7,22,29,25,5,No
HYUNDAI Santa Fe,2.4,4.0,SemiAuto-8,2WD,Gasoline,small SUV,5,22,29,25,5,No
HYUNDAI Santa Fe,2.4,4.0,SemiAuto-8,4WD,Gasoline,small SUV,5,21,27,24,5,No
HYUNDAI Sonata,1.6,4.0,SemiAuto-8,2WD,Gasoline,large car,5,27,36,31,7,Yes
HYUNDAI Sonata,2.5,4.0,SemiAuto-8,2WD,Gasoline,large car,7,27,37,31,7,Yes
HYUNDAI Sonata,2.5,4.0,SemiAuto-8,2WD,Gasoline,large car,7,28,38,32,7,Yes
HYUNDAI Sonata Hybrid,2.0,4.0,AMS-6,2WD,Gasoline,large car,7,45,51,47,10,Elite
HYUNDAI Sonata Hybrid Blue,2.0,4.0,AMS-6,2WD,Gasoline,large car,7,50,54,52,10,Elite
HYUNDAI Tuscon,2.0,4.0,SemiAuto-6,2WD,Gasoline,small SUV,7,23,28,25,5,No
HYUNDAI Tuscon,2.0,4.0,SemiAuto-6,2WD,Gasoline,small SUV,5,23,28,25,5,No
HYUNDAI Tuscon,2.0,4.0,SemiAuto-6,4WD,Gasoline,small SUV,5,22,25,23,5,No
HYUNDAI Tuscon,2.4,4.0,SemiAuto-6,2WD,Gasoline,small SUV,7,22,28,25,5,No
HYUNDAI Tuscon,2.4,4.0,SemiAuto-6,4WD,Gasoline,small SUV,5,21,26,23,5,No
HYUNDAI Veloster,1.6,4.0,AutoMan-7,2WD,Gasoline,small car,5,28,34,30,7,Yes
HYUNDAI Veloster,1.6,4.0,Man-6,2WD,Gasoline,small car,5,26,33,29,6,No
HYUNDAI Veloster,2.0,4.0,Man-6,2WD,Gasoline,small car,5,25,33,28,6,No
HYUNDAI Veloster,2.0,4.0,SemiAuto-6,2WD,Gasoline,small car,5,27,34,30,7,Yes
HYUNDAI Veloster N,2.0,4.0,Man-6,2WD,Gasoline,small car,3,22,29,25,5,No
HYUNDAI Venue,1.6,4.0,CVT,2WD,Gasoline,midsize car,5,30,34,32,7,Yes
HYUNDAI Venue,1.6,4.0,Man-6,2WD,Gasoline,midsize car,5,27,35,30,7,Yes
INFINITI Q50,3.0,6.0,SemiAuto-7,2WD,Gasoline,midsize car,3,20,29,23,5,No
INFINITI Q50,3.0,6.0,SemiAuto-7,4WD,Gasoline,midsize car,3,19,27,22,4,No
INFINITI Q50 Red Sport,3.0,6.0,SemiAuto-7,2WD,Gasoline,midsize car,3,20,26,22,4,No
INFINITI Q50 Red Sport,3.0,6.0,SemiAuto-7,4WD,Gasoline,midsize car,3,19,26,22,4,No
INFINITI Q60,3.0,6.0,SemiAuto-7,2WD,Gasoline,small car,3,19,28,22,4,No
INFINITI Q60,3.0,6.0,SemiAuto-7,4WD,Gasoline,small car,3,19,27,22,4,No
INFINITI Q60 Red Sport,3.0,6.0,SemiAuto-7,2WD,Gasoline,small car,3,20,27,22,4,No
INFINITI Q60 Red Sport,3.0,6.0,SemiAuto-7,4WD,Gasoline,small car,3,19,26,21,4,No
INFINITI QX50,2.0,4.0,SCV-8,2WD,Gasoline,small SUV,5,23,29,26,5,No
INFINITI QX50,2.0,4.0,SCV-8,4WD,Gasoline,small SUV,5,22,28,25,5,No
INFINITI QX60,3.5,6.0,SCV-7,2WD,Gasoline,small SUV,5,20,27,22,4,No
INFINITI QX60,3.5,6.0,SCV-7,4WD,Gasoline,small SUV,5,19,26,22,4,No
INFINITI QX80,5.6,8.0,SemiAuto-7,2WD,Gasoline,standard SUV,3,14,20,16,2,No
INFINITI QX80,5.6,8.0,SemiAuto-7,4WD,Gasoline,standard SUV,3,13,19,15,2,No
JAGUAR E-Pace,2.0,4.0,SemiAuto-9,4WD,Gasoline,small SUV,7,21,28,24,5,No
JAGUAR E-Pace P300,2.0,4.0,SemiAuto-9,4WD,Gasoline,small SUV,7,21,27,23,5,No
JAGUAR F-Pace,2.0,4.0,SemiAuto-8,4WD,Gasoline,small SUV,7,22,27,24,5,No
JAGUAR F-Pace,3.0,6.0,SemiAuto-8,4WD,Gasoline,small SUV,7,18,23,20,4,No
JAGUAR F-Pace,5.0,8.0,SemiAuto-8,4WD,Gasoline,small SUV,3,16,21,18,3,No
JAGUAR F-Pace 30t,2.0,4.0,SemiAuto-8,4WD,Gasoline,small SUV,7,22,27,24,5,No
JAGUAR F-Type Convertible,2.0,4.0,SemiAuto-8,2WD,Gasoline,small car,7,23,30,26,5,No
JAGUAR F-Type Convertible,3.0,6.0,SemiAuto-8,2WD,Gasoline,small car,7,20,28,23,5,No
JAGUAR F-Type Convertible,5.0,8.0,SemiAuto-8,4WD,Gasoline,small car,3,16,24,18,3,No
JAGUAR F-Type Coupe,2.0,4.0,SemiAuto-8,2WD,Gasoline,small car,7,23,30,26,5,No
JAGUAR F-Type Coupe,3.0,6.0,SemiAuto-8,2WD,Gasoline,small car,7,20,28,23,5,No
JAGUAR F-Type Coupe,5.0,8.0,SemiAuto-8,4WD,Gasoline,small car,3,16,24,18,3,No
JAGUAR F-Type S Convertible,3.0,6.0,SemiAuto-8,2WD,Gasoline,small car,7,19,27,22,4,No
JAGUAR F-Type S Convertible,3.0,6.0,SemiAuto-8,4WD,Gasoline,small car,7,18,26,21,4,No
JAGUAR F-Type S Coupe,3.0,6.0,SemiAuto-8,2WD,Gasoline,small car,7,19,27,22,4,No
JAGUAR F-Type S Coupe,3.0,6.0,SemiAuto-8,4WD,Gasoline,small car,7,18,26,21,4,No
JAGUAR F-Type SVR Convertible,5.0,8.0,SemiAuto-8,4WD,Gasoline,small car,3,16,24,18,3,No
JAGUAR F-Type SVR Coupe,5.0,8.0,SemiAuto-8,4WD,Gasoline,small car,3,16,24,18,3,No
JAGUAR XE,2.0,4.0,SemiAuto-8,2WD,Gasoline,small car,7,25,34,28,6,No
JAGUAR XE,2.0,4.0,SemiAuto-8,4WD,Gasoline,small car,7,24,34,28,6,No
JAGUAR XE 30t,2.0,4.0,SemiAuto-8,2WD,Gasoline,small car,7,24,32,27,6,No
JAGUAR XE 30t,2.0,4.0,SemiAuto-8,4WD,Gasoline,small car,7,22,30,25,5,No
JAGUAR XF,2.0,4.0,SemiAuto-8,2WD,Gasoline,midsize car,7,25,34,28,6,No
JAGUAR XF,2.0,4.0,SemiAuto-8,4WD,Gasoline,midsize car,7,23,33,27,6,No
JAGUAR XF,3.0,6.0,SemiAuto-8,4WD,Gasoline,midsize car,7,20,28,23,5,No
JAGUAR XF 30t,2.0,4.0,SemiAuto-8,2WD,Gasoline,midsize car,7,23,31,26,5,No
JAGUAR XF 30t,2.0,4.0,SemiAuto-8,4WD,Gasoline,midsize car,7,22,31,25,5,No
JAGUAR XF Sportbrake,2.0,4.0,SemiAuto-8,4WD,Gasoline,station wagon,7,21,28,24,5,No
JAGUAR XF Sportbrake,3.0,6.0,SemiAuto-8,4WD,Gasoline,station wagon,7,18,25,21,4,No
JEEP Cherokee,2.0,4.0,Auto-9,2WD,Gasoline,small SUV,5,23,31,26,5,No
JEEP Cherokee,2.0,4.0,Auto-9,4WD,Gasoline,small SUV,5,21,29,24,5,No
JEEP Cherokee,2.4,4.0,Auto-9,2WD,Gasoline,small SUV,6,22,31,25,5,No
JEEP Cherokee,2.4,4.0,Auto-9,4WD,Gasoline,small SUV,6,21,29,24,5,No
JEEP Cherokee,3.2,6.0,Auto-9,2WD,Gasoline,small SUV,5,20,29,23,5,No
JEEP Cherokee,3.2,6.0,Auto-9,4WD,Gasoline,small SUV,5,19,27,22,4,No
JEEP Cherokee 4x4 Active Drive II,2.0,4.0,Auto-9,4WD,Gasoline,small SUV,5,20,27,23,5,No
JEEP Cherokee 4x4 Active Drive II,3.2,6.0,Auto-9,4WD,Gasoline,small SUV,5,18,26,21,4,No
JEEP Cherokee Trailhawk,2.0,4.0,Auto-9,4WD,Gasoline,small SUV,5,20,26,22,4,No
JEEP Cherokee Trailhawk,3.2,6.0,Auto-9,4WD,Gasoline,small SUV,5,18,24,21,4,No
JEEP Compass,2.4,4.0,Auto-6,2WD,Gasoline,small SUV,6,22,31,25,5,No
JEEP Compass,2.4,4.0,Auto-9,4WD,Gasoline,small SUV,6,22,30,25,5,No
JEEP Compass,2.4,4.0,Man-6,2WD,Gasoline,small SUV,3,23,32,26,5,No
JEEP Compass,2.4,4.0,Man-6,4WD,Gasoline,small SUV,3,22,31,25,5,No
JEEP Gladiator,3.6,6.0,Auto-8,4WD,Gasoline,pickup,5,17,22,19,3,No
JEEP Gladiator,3.6,6.0,Man-6,4WD,Gasoline,pickup,5,16,23,19,3,No
JEEP Grand Cherokee,3.6,6.0,Auto-8,2WD,Gasoline,standard SUV,7,19,26,21,4,No
JEEP Grand Cherokee,3.6,6.0,Auto-8,4WD,Gasoline,standard SUV,7,18,25,21,4,No
JEEP Grand Cherokee,5.7,8.0,Auto-8,4WD,Gasoline,standard SUV,3,14,22,17,3,No
JEEP Grand Cherokee SRT,6.4,8.0,Auto-8,4WD,Gasoline,standard SUV,1,13,19,15,2,No
JEEP Grand Cherokee Trackhawk,6.2,8.0,Auto-8,4WD,Gasoline,standard SUV,1,11,17,13,1,No
JEEP Renegade,1.3,4.0,Auto-9,2WD,Gasoline,small SUV,6,24,32,27,6,No
JEEP Renegade,1.3,4.0,Auto-9,4WD,Gasoline,small SUV,6,23,29,26,5,No
JEEP Renegade,2.4,4.0,Auto-9,2WD,Gasoline,small SUV,6,22,30,25,5,No
JEEP Renegade,2.4,4.0,Auto-9,4WD,Gasoline,small SUV,6,21,29,24,5,No
JEEP Renegade Trailhawk,1.3,4.0,Auto-9,4WD,Gasoline,small SUV,6,22,27,24,5,No
JEEP Wrangler,2.0,4.0,Auto-8,4WD,Gasoline,small SUV,5,21,22,21,4,No
JEEP Wrangler,2.0,4.0,Auto-8,4WD,Gasoline,small SUV,5,22,24,23,5,No
JEEP Wrangler,3.6,6.0,Auto-8,4WD,Gasoline,small SUV,5,18,23,20,4,No
JEEP Wrangler,3.6,6.0,Man-6,4WD,Gasoline,small SUV,5,17,25,20,4,No
JEEP Wrangler Unlimited,2.0,4.0,Auto-8,4WD,Gasoline,small SUV,5,21,22,21,4,No
JEEP Wrangler Unlimited,3.0,6.0,Auto-8,4WD,Diesel,small SUV,1,22,29,25,4,No
JEEP Wrangler Unlimited,3.6,6.0,Auto-8,4WD,Gasoline,small SUV,5,18,22,20,4,No
JEEP Wrangler Unlimited,3.6,6.0,Auto-8,4WD,Gasoline,small SUV,5,19,22,20,4,No
JEEP Wrangler Unlimited,3.6,6.0,Man-6,4WD,Gasoline,small SUV,5,17,23,19,3,No
KIA Cadenza,3.3,6.0,SemiAuto-8,2WD,Gasoline,large car,3,20,28,23,5,No
KIA Forte,1.6,4.0,AutoMan-7,2WD,Gasoline,midsize car,5,27,35,30,7,Yes
KIA Forte,1.6,4.0,Man-6,2WD,Gasoline,midsize car,5,25,32,28,6,No
KIA Forte,2.0,4.0,CVT,2WD,Gasoline,midsize car,7,29,40,33,7,Yes
KIA Forte,2.0,4.0,CVT,2WD,Gasoline,midsize car,5,29,40,33,7,Yes
KIA Forte,2.0,4.0,Man-6,2WD,Gasoline,midsize car,5,27,37,31,7,Yes
KIA Forte FE,2.0,4.0,CVT,2WD,Gasoline,midsize car,5,31,41,35,8,Yes
KIA K900,3.3,6.0,SemiAuto-8,4WD,Gasoline,large car,3,18,25,21,4,No
KIA Niro,1.6,4.0,AutoMan-6,2WD,Gasoline,station wagon,7,51,46,49,10,Elite
KIA Niro FE,1.6,4.0,AutoMan-6,2WD,Gasoline,station wagon,7,52,49,50,10,Elite
KIA Niro Touring,1.6,4.0,AutoMan-6,2WD,Gasoline,station wagon,7,46,40,43,9,Yes
KIA Optima,1.6,4.0,AutoMan-7,2WD,Gasoline,large car,5,27,37,31,7,Yes
KIA Optima,2.0,4.0,SemiAuto-6,2WD,Gasoline,large car,5,21,30,24,5,No
KIA Optima,2.4,4.0,SemiAuto-6,2WD,Gasoline,large car,7,24,32,27,6,No
KIA Optima,2.4,4.0,SemiAuto-6,2WD,Gasoline,large car,5,24,32,27,6,No
KIA Optima FE,2.4,4.0,SemiAuto-6,2WD,Gasoline,large car,7,25,35,29,6,No
KIA Optima FE,2.4,4.0,SemiAuto-6,2WD,Gasoline,large car,5,25,35,29,6,No
KIA Optima Hybrid,2.0,4.0,AutoMan-6,2WD,Gasoline,midsize car,7,40,45,42,9,Yes
KIA Rio,1.6,4.0,CVT,2WD,Gasoline,small car,3,33,41,36,8,No
KIA Sedona,3.3,6.0,SemiAuto-8,2WD,Gasoline,minivan,5,18,24,21,4,No
KIA Sorento,2.4,4.0,SemiAuto-6,2WD,Gasoline,small SUV,5,22,29,25,5,No
KIA Sorento,2.4,4.0,SemiAuto-6,4WD,Gasoline,small SUV,5,21,26,23,5,No
KIA Sorento,3.3,6.0,SemiAuto-8,2WD,Gasoline,small SUV,5,19,26,22,4,No
KIA Sorento,3.3,6.0,SemiAuto-8,4WD,Gasoline,small SUV,5,18,24,20,4,No
KIA Soul,1.6,4.0,AMS-7,2WD,Gasoline,station wagon,5,27,32,29,6,No
KIA Soul,2.0,4.0,CVT,2WD,Gasoline,station wagon,7,27,33,30,7,Yes
KIA Soul,2.0,4.0,Man-6,2WD,Gasoline,station wagon,5,25,31,27,6,No
KIA Soul Eco dynamics,2.0,4.0,CVT,2WD,Gasoline,station wagon,7,29,35,31,7,Yes
KIA Sportage,2.0,4.0,SemiAuto-6,2WD,Gasoline,small SUV,5,20,28,23,5,No
KIA Sportage,2.0,4.0,SemiAuto-6,4WD,Gasoline,small SUV,5,19,24,21,4,No
KIA Sportage,2.4,4.0,SemiAuto-6,2WD,Gasoline,small SUV,7,23,30,26,5,No
KIA Sportage,2.4,4.0,SemiAuto-6,2WD,Gasoline,small SUV,5,23,30,26,5,No
KIA Sportage,2.4,4.0,SemiAuto-6,4WD,Gasoline,small SUV,7,22,26,23,5,No
KIA Sportage,2.4,4.0,SemiAuto-6,4WD,Gasoline,small SUV,5,22,26,23,5,No
KIA Stinger,2.0,4.0,SemiAuto-8,2WD,Gasoline,midsize car,3,22,29,25,5,No
KIA Stinger,2.0,4.0,SemiAuto-8,4WD,Gasoline,midsize car,3,21,29,24,5,No
KIA Stinger,3.3,6.0,SemiAuto-8,2WD,Gasoline,midsize car,3,17,25,20,4,No
KIA Stinger,3.3,6.0,SemiAuto-8,4WD,Gasoline,midsize car,3,17,25,20,4,No
KIA Telluride,3.8,6.0,SemiAuto-8,2WD,Gasoline,small SUV,5,20,26,23,5,No
KIA Telluride,3.8,6.0,SemiAuto-8,4WD,Gasoline,small SUV,5,19,24,21,4,No
LAMBORGHINI Aventador Coupe,6.5,12.0,AMS-7,4WD,Gasoline,small car,1,9,15,11,1,No
LAMBORGHINI Aventador Roadster,6.5,12.0,AMS-7,4WD,Gasoline,small car,1,9,15,11,1,No
LAMBORGHINI Huracan,5.2,10.0,AMS-7,2WD,Gasoline,small car,1,13,18,15,2,No
LAMBORGHINI Huracan,5.2,10.0,AMS-7,4WD,Gasoline,small car,1,13,18,15,2,No
LAMBORGHINI Huracan Spyder,5.2,10.0,AMS-7,2WD,Gasoline,small car,1,13,18,15,2,No
LAMBORGHINI Huracan Spyder,5.2,10.0,AMS-7,4WD,Gasoline,small car,1,13,18,15,2,No
LAMBORGHINI Urus,4.0,8.0,SemiAuto-8,4WD,Gasoline,standard SUV,3,12,17,14,1,No
LAND ROVER Defender 110,2.0,4.0,SemiAuto-8,4WD,Gasoline,standard SUV,7,17,20,18,3,No
LAND ROVER Defender 110 MHEV,3.0,6.0,SemiAuto-8,4WD,Gasoline,standard SUV,7,17,22,19,3,No
LAND ROVER Defender 90,2.0,4.0,SemiAuto-8,4WD,Gasoline,standard SUV,7,18,21,19,3,No
LAND ROVER Defender 90 MHEV,3.0,6.0,SemiAuto-8,4WD,Gasoline,standard SUV,7,17,22,19,3,No
LAND ROVER Discovery,3.0,6.0,SemiAuto-8,4WD,Diesel,standard SUV,1,21,26,23,4,No
LAND ROVER Discovery,3.0,6.0,SemiAuto-8,4WD,Gasoline,standard SUV,7,16,21,18,3,No
LAND ROVER Discovery Sport,2.0,4.0,SemiAuto-9,4WD,Gasoline,small SUV,7,19,24,21,4,No
LAND ROVER Discovery Sport MHEV,2.0,4.0,SemiAuto-9,4WD,Gasoline,small SUV,7,19,24,21,4,No
LAND ROVER Evoque,2.0,4.0,SemiAuto-9,4WD,Gasoline,small SUV,7,20,27,23,5,No
LAND ROVER Evoque MHEV,2.0,4.0,SemiAuto-9,4WD,Gasoline,small SUV,7,21,26,23,5,No
LAND ROVER Range Rover,3.0,6.0,SemiAuto-8,4WD,Diesel,standard SUV,1,22,28,24,4,No
LAND ROVER Range Rover,5.0,8.0,SemiAuto-8,4WD,Gasoline,standard SUV,3,16,21,18,3,No
LAND ROVER Range Rover LWB,5.0,8.0,SemiAuto-8,4WD,Gasoline,standard SUV,3,16,21,18,3,No
LAND ROVER Range Rover LWB SVA,5.0,8.0,SemiAuto-8,4WD,Gasoline,standard SUV,3,13,19,15,2,No
LAND ROVER Range Rover MHEV,3.0,6.0,SemiAuto-8,4WD,Gasoline,standard SUV,7,19,24,21,4,No
LAND ROVER Range Rover SVA,5.0,8.0,SemiAuto-8,4WD,Gasoline,standard SUV,3,14,19,16,2,No
LAND ROVER Range Rover Sport,3.0,6.0,SemiAuto-8,4WD,Diesel,standard SUV,1,22,28,24,4,No
LAND ROVER Range Rover Sport,5.0,8.0,SemiAuto-8,4WD,Gasoline,standard SUV,3,17,22,19,3,No
LAND ROVER Range Rover Sport SVR,5.0,8.0,SemiAuto-8,4WD,Gasoline,standard SUV,3,15,20,16,2,No
LAND ROVER Range Rover Velar,2.0,4.0,SemiAuto-8,4WD,Gasoline,small SUV,7,21,27,23,5,No
LAND ROVER Range Rover Velar,3.0,6.0,SemiAuto-8,4WD,Gasoline,small SUV,7,18,24,20,4,No
LAND ROVER Range Rover Velar,5.0,8.0,SemiAuto-8,4WD,Gasoline,small SUV,3,15,20,17,3,No
LAND ROVER Range Rover Velar P300,2.0,4.0,SemiAuto-8,4WD,Gasoline,small SUV,7,20,26,22,4,No
LAND ROVER Range Rover Velar P380,3.0,6.0,SemiAuto-8,4WD,Gasoline,small SUV,7,18,24,20,4,No
LEXUS ES 300h,2.5,4.0,SCV-6,2WD,Gasoline,midsize car,7,43,44,44,9,Yes
LEXUS ES 350,3.5,6.0,SemiAuto-8,2WD,Gasoline,midsize car,5,22,32,26,5,No
LEXUS ES 350 F Sport,3.5,6.0,SemiAuto-8,2WD,Gasoline,midsize car,5,22,31,25,5,No
LEXUS GS 350,3.5,6.0,SemiAuto-6,4WD,Gasoline,midsize car,5,19,26,21,4,No
LEXUS GS 350,3.5,6.0,SemiAuto-8,2WD,Gasoline,midsize car,5,20,28,23,5,No
LEXUS GS 350 F Sport,3.5,6.0,SemiAuto-8,2WD,Gasoline,midsize car,5,19,27,22,4,No
LEXUS GS F,5.0,8.0,SemiAuto-8,2WD,Gasoline,small car,5,16,24,19,3,No
LEXUS GX 460,4.6,8.0,SemiAuto-6,4WD,Gasoline,standard SUV,3,15,19,16,2,No
LEXUS IS 300,2.0,4.0,SemiAuto-8,2WD,Gasoline,small car,5,21,30,24,5,No
LEXUS IS 300,3.5,6.0,SemiAuto-6,4WD,Gasoline,small car,5,18,24,21,4,No
LEXUS IS 350,3.5,6.0,SemiAuto-6,4WD,Gasoline,small car,5,19,26,21,4,No
LEXUS IS 350,3.5,6.0,SemiAuto-8,2WD,Gasoline,small car,5,20,28,23,5,No
LEXUS LC 500,5.0,8.0,SemiAuto-10,2WD,Gasoline,small car,5,16,25,19,3,No
LEXUS LC 500h,3.5,6.0,SCV-10,2WD,Gasoline,small car,7,27,35,30,7,Yes
LEXUS LS 500,3.4,6.0,SemiAuto-10,2WD,Gasoline,midsize car,3,19,30,23,5,No
LEXUS LS 500,3.4,6.0,SemiAuto-10,4WD,Gasoline,midsize car,3,18,27,21,4,No
LEXUS LS 500h,3.5,6.0,SCV-10,2WD,Gasoline,midsize car,7,25,33,28,6,No
LEXUS LS 500h,3.5,6.0,SCV-10,4WD,Gasoline,midsize car,7,23,31,26,5,No
LEXUS LX 570,5.7,8.0,SemiAuto-8,4WD,Gasoline,standard SUV,3,12,16,14,1,No
LEXUS NX 300,2.0,4.0,SemiAuto-6,2WD,Gasoline,small SUV,3,22,28,25,5,No
LEXUS NX 300,2.0,4.0,SemiAuto-6,4WD,Gasoline,small SUV,3,22,28,24,5,No
LEXUS NX 300 F Sport,2.0,4.0,SemiAuto-6,4WD,Gasoline,small SUV,3,22,27,24,5,No
LEXUS NX 300h,2.5,4.0,SCV-6,4WD,Gasoline,small SUV,7,33,30,31,7,Yes
LEXUS RC 300,2.0,4.0,SemiAuto-8,2WD,Gasoline,small car,5,21,30,24,5,No
LEXUS RC 300,3.5,6.0,SemiAuto-6,4WD,Gasoline,small car,5,18,24,21,4,No
LEXUS RC 350,3.5,6.0,SemiAuto-6,4WD,Gasoline,small car,5,19,26,21,4,No
LEXUS RC 350,3.5,6.0,SemiAuto-8,2WD,Gasoline,small car,5,20,28,23,5,No
LEXUS RC F,5.0,8.0,SemiAuto-8,2WD,Gasoline,small car,5,16,24,19,3,No
LEXUS RX 350,3.5,6.0,SemiAuto-8,2WD,Gasoline,small SUV,5,20,27,23,5,No
LEXUS RX 350,3.5,6.0,SemiAuto-8,4WD,Gasoline,small SUV,5,19,26,22,4,No
LEXUS RX 350 L,3.5,6.0,SemiAuto-8,2WD,Gasoline,small SUV,5,19,26,22,4,No
LEXUS RX 350 L,3.5,6.0,SemiAuto-8,4WD,Gasoline,small SUV,5,18,25,21,4,No
LEXUS RX 450h,3.5,6.0,SCV-6,4WD,Gasoline,standard SUV,7,31,28,30,7,Yes
LEXUS RX 450h L,3.5,6.0,SCV-6,4WD,Gasoline,standard SUV,7,29,28,29,6,No
LEXUS UX 200,2.0,4.0,SCV-10,2WD,Gasoline,midsize car,6,29,37,33,7,Yes
LEXUS UX 250h,2.0,4.0,SCV-6,2WD,Gasoline,small car,6,43,41,42,9,Yes
LEXUS UX 250h,2.0,4.0,SCV-6,4WD,Gasoline,small car,6,41,38,39,9,Yes
LINCOLN Aviator,3.0,6.0,SemiAuto-10,2WD,Gasoline,standard SUV,5,18,26,21,4,No
LINCOLN Aviator,3.0,6.0,SemiAuto-10,4WD,Gasoline,standard SUV,5,17,24,20,4,No
LINCOLN Continental,2.7,6.0,SemiAuto-6,2WD,Gasoline,large car,5,18,27,21,4,No
LINCOLN Continental,2.7,6.0,SemiAuto-6,4WD,Gasoline,large car,5,17,25,20,4,No
LINCOLN Continental,3.0,6.0,SemiAuto-6,4WD,Gasoline,large car,5,16,24,19,3,No
LINCOLN Continental,3.7,6.0,SemiAuto-6,2WD,Gasoline,large car,3,17,26,20,4,No
LINCOLN Continental,3.7,6.0,SemiAuto-6,4WD,Gasoline,large car,3,16,24,19,3,No
LINCOLN Continental Coach,3.0,6.0,SemiAuto-6,4WD,Gasoline,large car,5,16,24,19,3,No
LINCOLN Corsair,2.0,4.0,SemiAuto-8,2WD,Gasoline,small SUV,5,22,29,25,5,No
LINCOLN Corsair,2.0,4.0,SemiAuto-8,4WD,Gasoline,small SUV,5,21,29,24,5,No
LINCOLN Corsair,2.3,4.0,SemiAuto-8,4WD,Gasoline,small SUV,5,21,28,24,5,No
LINCOLN MKZ,2.0,4.0,SemiAuto-6,2WD,Gasoline,midsize car,5,20,31,24,5,No
LINCOLN MKZ,2.0,4.0,SemiAuto-6,4WD,Gasoline,midsize car,5,20,29,23,5,No
LINCOLN MKZ,3.0,6.0,SemiAuto-6,2WD,Gasoline,midsize car,5,18,27,21,4,No
LINCOLN MKZ,3.0,6.0,SemiAuto-6,4WD,Gasoline,midsize car,5,17,26,20,4,No
LINCOLN MKZ Hybrid,2.0,4.0,CVT,2WD,Gasoline,midsize car,7,42,39,41,9,Yes
LINCOLN Nautilus,2.0,4.0,SemiAuto-8,4WD,Gasoline,small SUV,5,20,25,22,4,No
LINCOLN Nautilus,2.7,6.0,SemiAuto-8,4WD,Gasoline,small SUV,5,19,26,21,4,No
LINCOLN Navigator,3.5,6.0,SemiAuto-10,2WD,Gasoline,standard SUV,5,16,22,19,3,No
LINCOLN Navigator,3.5,6.0,SemiAuto-10,4WD,Gasoline,standard SUV,5,16,21,18,3,No
LINCOLN Navigator L,3.5,6.0,SemiAuto-10,2WD,Gasoline,standard SUV,5,16,21,18,3,No
LINCOLN Nuatilus,2.0,4.0,SemiAuto-8,2WD,Gasoline,small SUV,5,21,26,23,5,No
LOTUS Evora,3.5,6.0,Man-6,2WD,Gasoline,small car,1,16,24,19,3,No
LOTUS Evora,3.5,6.0,SemiAuto-6,2WD,Gasoline,small car,1,17,24,20,4,No
LOTUS Evora GT,3.5,6.0,Man-6,2WD,Gasoline,small car,1,17,26,20,4,No
LOTUS Evora GT,3.5,6.0,SemiAuto-6,2WD,Gasoline,small car,1,17,24,20,4,No
MASERATI Ghibli,3.0,6.0,Auto-8,2WD,Gasoline,midsize car,1,17,24,19,3,No
MASERATI Ghibli S,3.0,6.0,Auto-8,2WD,Gasoline,midsize car,1,17,24,19,3,No
MASERATI Ghibli S Q4,3.0,6.0,Auto-8,4WD,Gasoline,midsize car,1,16,24,19,3,No
MASERATI Levante,3.0,6.0,Auto-8,4WD,Gasoline,standard SUV,1,15,21,17,3,No
MASERATI Levante GTS,3.8,8.0,Auto-8,4WD,Gasoline,standard SUV,1,14,18,15,2,No
MASERATI Levante S,3.0,6.0,Auto-8,4WD,Gasoline,standard SUV,1,15,21,17,3,No
MASERATI Levante Trofeo,3.8,8.0,Auto-8,4WD,Gasoline,standard SUV,1,14,18,15,2,No
MASERATI Quattroporte GTS,3.8,8.0,Auto-8,2WD,Gasoline,large car,1,15,22,17,3,No
MASERATI Quattroporte S,3.0,6.0,Auto-8,2WD,Gasoline,large car,1,17,24,19,3,No
MASERATI Quattroporte S Q4,3.0,6.0,Auto-8,4WD,Gasoline,large car,1,16,23,18,3,No
MAZDA 2,1.5,4.0,Man-6,2WD,Gasoline,small car,3,30,39,34,8,No
MAZDA 2,1.5,4.0,SemiAuto-6,2WD,Gasoline,small car,3,32,40,35,8,No
MAZDA 3,2.5,4.0,Man-6,2WD,Gasoline,midsize car,7,25,35,29,6,No
MAZDA 3,2.5,4.0,SemiAuto-6,2WD,Gasoline,midsize car,7,26,35,30,7,Yes
MAZDA 3,2.5,4.0,SemiAuto-6,2WD,Gasoline,small car,7,26,35,30,7,Yes
MAZDA 3,2.5,4.0,SemiAuto-6,2WD,Gasoline,small car,7,27,36,30,7,Yes
MAZDA 3,2.5,4.0,SemiAuto-6,4WD,Gasoline,midsize car,7,24,32,27,6,No
MAZDA 3,2.5,4.0,SemiAuto-6,4WD,Gasoline,small car,7,25,33,28,6,No
MAZDA 6,2.5,4.0,SemiAuto-6,2WD,Gasoline,midsize car,7,26,35,29,6,No
MAZDA 6,2.5,4.0,SemiAuto-6,2WD,Gasoline,midsize car,3,23,31,26,5,No
MAZDA CX-3,2.0,4.0,SemiAuto-6,2WD,Gasoline,small car,3,29,34,31,7,No
MAZDA CX-3,2.0,4.0,SemiAuto-6,2WD,Gasoline,small car,7,29,34,31,7,Yes
MAZDA CX-3,2.0,4.0,SemiAuto-6,4WD,Gasoline,small car,3,27,32,29,6,No
MAZDA CX-3,2.0,4.0,SemiAuto-6,4WD,Gasoline,small car,7,27,32,29,6,No
MAZDA CX-30,2.5,4.0,SemiAuto-6,2WD,Gasoline,small SUV,7,25,33,28,6,No
MAZDA CX-30,2.5,4.0,SemiAuto-6,4WD,Gasoline,small SUV,7,24,31,26,5,No
MAZDA CX-30,2.5,4.0,SemiAuto-6,4WD,Gasoline,small SUV,7,25,32,27,6,No
MAZDA CX-5 2WD,2.5,4.0,SemiAuto-6,2WD,Gasoline,small SUV,7,25,31,28,6,No
MAZDA CX-5 4WD,2.5,4.0,SemiAuto-6,4WD,Gasoline,small SUV,7,24,30,26,5,No
MAZDA CX-5 4WD,2.5,4.0,SemiAuto-6,4WD,Gasoline,small SUV,5,22,27,24,5,No
MAZDA CX-9,2.5,4.0,SemiAuto-6,2WD,Gasoline,small SUV,5,22,28,24,5,No
MAZDA CX-9,2.5,4.0,SemiAuto-6,4WD,Gasoline,small SUV,5,20,26,23,5,No
MAZDA MX-5,2.0,4.0,Man-6,2WD,Gasoline,small car,3,26,34,29,6,No
MAZDA MX-5,2.0,4.0,SemiAuto-6,2WD,Gasoline,small car,3,26,35,30,7,No
MERCEDES-BENZ A 220,2.0,4.0,Auto-7,2WD,Gasoline,small car,5,24,35,28,6,No
MERCEDES-BENZ A 220 4Matic,2.0,4.0,Auto-7,4WD,Gasoline,small car,5,24,34,28,6,No
MERCEDES-BENZ AMG A35 4Matic,2.0,4.0,AutoMan-7,4WD,Gasoline,small car,5,24,31,27,6,No
MERCEDES-BENZ AMG C43 4Matic,3.0,6.0,Auto-9,4WD,Gasoline,small car,5,18,25,21,4,No
MERCEDES-BENZ AMG C43 4Matic,3.0,6.0,Auto-9,4WD,Gasoline,small car,5,19,27,22,4,No
MERCEDES-BENZ AMG C63,4.0,8.0,Auto-9,2WD,Gasoline,small car,3,17,24,20,4,No
MERCEDES-BENZ AMG C63,4.0,8.0,Auto-9,2WD,Gasoline,small car,3,17,26,20,4,No
MERCEDES-BENZ AMG C63,4.0,8.0,Auto-9,2WD,Gasoline,small car,3,18,27,21,4,No
MERCEDES-BENZ AMG C63 S,4.0,8.0,Auto-9,2WD,Gasoline,small car,3,17,24,20,4,No
MERCEDES-BENZ AMG C63 S,4.0,8.0,Auto-9,2WD,Gasoline,small car,3,17,26,20,4,No
MERCEDES-BENZ AMG C63 S,4.0,8.0,Auto-9,2WD,Gasoline,small car,3,18,27,21,4,No
MERCEDES-BENZ AMG CLA 35 4Matic,2.0,4.0,AutoMan-7,4WD,Gasoline,small car,5,23,29,25,5,No
MERCEDES-BENZ AMG CLA45 4Matic,2.0,4.0,AutoMan-8,4WD,Gasoline,small car,3,20,29,23,5,No
MERCEDES-BENZ AMG CLS 53 4Matic+,3.0,6.0,Auto-9,4WD,Gasoline,small car,6,21,27,23,5,No
MERCEDES-BENZ AMG E 53 4Matic+,3.0,6.0,Auto-9,4WD,Gasoline,midsize car,6,21,28,24,5,No
MERCEDES-BENZ AMG E 53 4Matic+,3.0,6.0,Auto-9,4WD,Gasoline,small car,6,20,26,23,5,No
MERCEDES-BENZ AMG E 53 4Matic+,3.0,6.0,Auto-9,4WD,Gasoline,small car,6,21,28,23,5,No
MERCEDES-BENZ AMG E63 S 4Matic+,4.0,8.0,Auto-9,4WD,Gasoline,midsize car,3,15,23,18,3,No
MERCEDES-BENZ AMG E63 S 4Matic+,4.0,8.0,Auto-9,4WD,Gasoline,station wagon,3,16,23,19,3,No
MERCEDES-BENZ AMG G63,4.0,8.0,Auto-9,4WD,Gasoline,standard SUV,3,13,15,14,1,No
MERCEDES-BENZ AMG GLC43 4Matic,3.0,6.0,Auto-9,4WD,Gasoline,small SUV,5,18,24,21,4,No
MERCEDES-BENZ AMG GLC63 4Matic+,4.0,8.0,Auto-9,4WD,Gasoline,small SUV,5,16,22,18,3,No
MERCEDES-BENZ AMG GLC63 S 4Matic+,4.0,8.0,Auto-9,4WD,Gasoline,small SUV,5,16,22,18,3,No
MERCEDES-BENZ AMG GT,4.0,8.0,AutoMan-7,2WD,Gasoline,small car,3,16,22,18,3,No
MERCEDES-BENZ AMG GT 53 4Matic+,3.0,6.0,Auto-9,4WD,Gasoline,small car,6,19,24,21,4,No
MERCEDES-BENZ AMG GT 63 4Matic+,4.0,8.0,Auto-9,4WD,Gasoline,small car,5,15,20,17,3,No
MERCEDES-BENZ AMG GT 63 S 4Matic+,4.0,8.0,Auto-9,4WD,Gasoline,small car,5,15,20,17,3,No
MERCEDES-BENZ AMG GT C,4.0,8.0,AutoMan-7,2WD,Gasoline,small car,3,15,20,17,3,No
MERCEDES-BENZ AMG GT C,4.0,8.0,AutoMan-7,2WD,Gasoline,small car,3,15,21,17,3,No
MERCEDES-BENZ AMG GT R,4.0,8.0,AutoMan-7,2WD,Gasoline,small car,3,15,20,17,3,No
MERCEDES-BENZ AMG S63 4Matic+,4.0,8.0,Auto-9,4WD,Gasoline,large car,5,17,26,20,4,No
MERCEDES-BENZ AMG S63 4Matic+,4.0,8.0,Auto-9,4WD,Gasoline,small car,5,15,24,18,3,No
MERCEDES-BENZ AMG S63 4Matic+,4.0,8.0,Auto-9,4WD,Gasoline,small car,5,17,27,20,4,No
MERCEDES-BENZ AMG S65,6.0,12.0,Auto-7,2WD,Gasoline,large car,3,13,22,16,2,No
MERCEDES-BENZ AMG SLC 43,3.0,6.0,Auto-9,2WD,Gasoline,small car,5,20,29,23,5,No
MERCEDES-BENZ C300,2.0,4.0,Auto-9,2WD,Gasoline,small car,6,21,29,24,5,No
MERCEDES-BENZ C300,2.0,4.0,Auto-9,2WD,Gasoline,small car,6,22,31,25,5,No
MERCEDES-BENZ C300,2.0,4.0,Auto-9,2WD,Gasoline,small car,6,24,35,28,6,No
MERCEDES-BENZ C300 4Matic,2.0,4.0,Auto-9,4WD,Gasoline,small car,6,21,29,24,5,No
MERCEDES-BENZ C300 4Matic,2.0,4.0,Auto-9,4WD,Gasoline,small car,6,21,30,25,5,No
MERCEDES-BENZ C300 4Matic,2.0,4.0,Auto-9,4WD,Gasoline,small car,6,23,33,26,5,No
MERCEDES-BENZ CLA250,2.0,4.0,AutoMan-7,2WD,Gasoline,small car,5,25,35,28,6,No
MERCEDES-BENZ CLA250 4Matic,2.0,4.0,AutoMan-7,4WD,Gasoline,small car,5,23,33,27,6,No
MERCEDES-BENZ CLS450,3.0,6.0,Auto-9,2WD,Gasoline,small car,6,24,31,26,5,No
MERCEDES-BENZ CLS450 4Matic,3.0,6.0,Auto-9,4WD,Gasoline,small car,6,23,30,26,5,No
MERCEDES-BENZ E350,2.0,4.0,Auto-9,2WD,Gasoline,midsize car,6,23,32,26,5,No
MERCEDES-BENZ E350 4Matic,2.0,4.0,Auto-9,4WD,Gasoline,midsize car,6,22,30,25,5,No
MERCEDES-BENZ E450,3.0,6.0,Auto-9,2WD,Gasoline,small car,5,20,28,23,5,No
MERCEDES-BENZ E450 4Matic,3.0,6.0,Auto-9,4WD,Gasoline,midsize car,5,20,28,23,5,No
MERCEDES-BENZ E450 4Matic,3.0,6.0,Auto-9,4WD,Gasoline,small car,5,19,26,22,4,No
MERCEDES-BENZ E450 4Matic,3.0,6.0,Auto-9,4WD,Gasoline,station wagon,5,19,26,22,4,No
MERCEDES-BENZ E450 4Matic Convertible,3.0,6.0,Auto-9,4WD,Gasoline,small car,5,19,26,22,4,No
MERCEDES-BENZ E450 Convertible,3.0,6.0,Auto-9,2WD,Gasoline,small car,5,20,27,23,5,No
MERCEDES-BENZ G550,4.0,8.0,Auto-9,4WD,Gasoline,standard SUV,3,13,17,14,1,No
MERCEDES-BENZ GLA 250,2.0,4.0,AutoMan-7,2WD,Gasoline,small SUV,5,24,34,28,6,No
MERCEDES-BENZ GLA250 4Matic,2.0,4.0,AutoMan-7,4WD,Gasoline,small SUV,5,22,30,25,5,No
MERCEDES-BENZ GLB 250,2.0,4.0,AutoMan-8,2WD,Gasoline,special purpose,5,23,30,26,5,No
MERCEDES-BENZ GLB 250 4Matic,2.0,4.0,AutoMan-8,4WD,Gasoline,small SUV,5,23,31,26,5,No
MERCEDES-BENZ GLC 300,2.0,4.0,Auto-9,2WD,Gasoline,small SUV,6,22,29,24,5,No
MERCEDES-BENZ GLC 300 4Matic,2.0,4.0,Auto-9,4WD,Gasoline,small SUV,6,21,28,24,5,No
MERCEDES-BENZ GLE 580 4Matic,4.0,8.0,Auto-9,4WD,Gasoline,standard SUV,5,17,21,19,3,No
MERCEDES-BENZ GLE350,2.0,4.0,Auto-9,2WD,Gasoline,small SUV,5,20,27,22,4,No
MERCEDES-BENZ GLE350 4Matic,2.0,4.0,Auto-9,4WD,Gasoline,small SUV,5,19,26,22,4,No
MERCEDES-BENZ GLE450 4Matic,3.0,6.0,Auto-9,4WD,Gasoline,standard SUV,6,19,24,21,4,No
MERCEDES-BENZ GLS 580 4Matic,4.0,8.0,Auto-9,4WD,Gasoline,standard SUV,5,16,21,18,3,No
MERCEDES-BENZ GLS450 4Matic,3.0,6.0,Auto-9,4WD,Gasoline,standard SUV,6,19,23,21,4,No
MERCEDES-BENZ Maybach S650,6.0,12.0,Auto-7,2WD,Gasoline,large car,3,13,21,16,2,No
MERCEDES-BENZ Metris,2.0,4.0,Auto-7,2WD,Gasoline,special purpose,5,19,23,21,4,No
MERCEDES-BENZ Metris,2.0,4.0,Auto-7,2WD,Gasoline,special purpose,5,20,24,21,4,No
MERCEDES-BENZ Metris,2.0,4.0,Auto-7,2WD,Gasoline,special purpose,5,20,24,22,4,No
MERCEDES-BENZ Metris,2.0,4.0,Auto-7,2WD,Gasoline,special purpose,5,21,24,22,4,No
MERCEDES-BENZ S450,3.0,6.0,Auto-9,2WD,Gasoline,large car,3,19,28,22,4,No
MERCEDES-BENZ S450 4Matic,3.0,6.0,Auto-9,4WD,Gasoline,large car,3,18,28,22,4,No
MERCEDES-BENZ S560,4.0,8.0,Auto-9,2WD,Gasoline,large car,5,17,27,21,4,No
MERCEDES-BENZ S560,4.0,8.0,Auto-9,2WD,Gasoline,small car,5,17,26,20,4,No
MERCEDES-BENZ S560 4Matic,4.0,8.0,Auto-9,4WD,Gasoline,large car,5,17,27,21,4,No
MERCEDES-BENZ S560 4Matic,4.0,8.0,Auto-9,4WD,Gasoline,small car,5,17,26,20,4,No
MERCEDES-BENZ S560 4Matic Maybach,4.0,8.0,Auto-9,4WD,Gasoline,large car,5,16,25,19,3,No
MERCEDES-BENZ SL450,3.0,6.0,Auto-9,2WD,Gasoline,small car,3,20,28,22,4,No
MERCEDES-BENZ SL550,4.7,8.0,Auto-9,2WD,Gasoline,small car,3,17,25,20,4,No
MERCEDES-BENZ SLC300,2.0,4.0,Auto-9,2WD,Gasoline,small car,3,23,32,27,6,No
MINI Cooper Convertible,1.5,3.0,AMS-7,2WD,Gasoline,small car,7,28,36,31,7,Yes
MINI Cooper Countryman,1.5,3.0,AMS-7,2WD,Gasoline,midsize car,7,26,33,29,6,No
MINI Cooper Countryman All4,1.5,3.0,SemiAuto-8,4WD,Gasoline,midsize car,7,24,33,27,6,No
MINI Cooper Hardtop,1.5,3.0,AMS-7,2WD,Gasoline,small car,7,28,36,31,7,Yes
MINI Cooper S Clubman,2.0,4.0,AMS-7,2WD,Gasoline,midsize car,7,26,34,29,6,No
MINI Cooper S Clubman All4,2.0,4.0,SemiAuto-8,4WD,Gasoline,midsize car,7,23,32,26,5,No
MINI Cooper S Convertible,2.0,4.0,AMS-7,2WD,Gasoline,small car,7,26,34,29,6,No
MINI Cooper S Countryman,2.0,4.0,AMS-7,2WD,Gasoline,midsize car,7,24,33,28,6,No
MINI Cooper S Countryman All4,2.0,4.0,SemiAuto-8,4WD,Gasoline,midsize car,7,23,31,26,5,No
MINI Cooper S Hardtop,2.0,4.0,AMS-7,2WD,Gasoline,small car,7,26,35,30,7,Yes
MINI JCW Countryman All4,2.0,4.0,SemiAuto-8,4WD,Gasoline,midsize car,3,23,30,26,5,No
MINI John Cooper Works Clubman All4,2.0,4.0,SemiAuto-8,4WD,Gasoline,midsize car,3,23,31,26,5,No
MINI John Cooper Works Convertible,2.0,4.0,SemiAuto-8,2WD,Gasoline,small car,7,25,33,28,6,No
MINI John Cooper Works Hardtop,2.0,4.0,SemiAuto-8,2WD,Gasoline,small car,7,26,34,29,6,No
MITSUBISHI Eclipse Cross,1.5,4.0,SCV-8,2WD,Gasoline,small SUV,5,25,28,26,5,No
MITSUBISHI Eclipse Cross,1.5,4.0,SCV-8,4WD,Gasoline,small SUV,5,25,26,25,5,No
MITSUBISHI Eclipse Cross ES,1.5,4.0,SCV-8,2WD,Gasoline,small SUV,5,26,29,27,6,No
MITSUBISHI Eclipse Cross ES,1.5,4.0,SCV-8,4WD,Gasoline,small SUV,5,25,28,26,5,No
MITSUBISHI Mirage,1.2,3.0,CVT,2WD,Gasoline,small car,5,36,43,39,9,Yes
MITSUBISHI Mirage,1.2,3.0,Man-5,2WD,Gasoline,small car,5,33,41,36,8,Yes
MITSUBISHI Mirage G4,1.2,3.0,CVT,2WD,Gasoline,small car,5,35,41,37,8,Yes
MITSUBISHI Mirage G4,1.2,3.0,Man-5,2WD,Gasoline,small car,5,33,40,35,8,Yes
MITSUBISHI Outlander,2.4,4.0,SCV-6,2WD,Gasoline,small SUV,5,25,30,27,6,No
MITSUBISHI Outlander,2.4,4.0,SCV-6,4WD,Gasoline,small SUV,5,24,29,26,5,No
MITSUBISHI Outlander,3.0,6.0,SemiAuto-6,4WD,Gasoline,small SUV,5,20,27,22,4,No
MITSUBISHI Outlander Sport,2.0,4.0,SCV-6,2WD,Gasoline,small SUV,5,24,30,27,6,No
MITSUBISHI Outlander Sport,2.0,4.0,SCV-6,4WD,Gasoline,small SUV,5,23,29,26,5,No
MITSUBISHI Outlander Sport,2.4,4.0,SCV-6,2WD,Gasoline,small SUV,5,23,29,25,5,No
MITSUBISHI Outlander Sport,2.4,4.0,SCV-6,4WD,Gasoline,small SUV,5,23,28,25,5,No
McLAREN 570S Coupe,3.8,8.0,AMS-7,2WD,Gasoline,small car,3,15,22,18,3,No
McLAREN 570S Spider,3.8,8.0,AMS-7,2WD,Gasoline,small car,3,15,22,18,3,No
McLAREN 600LT Spider,3.8,8.0,AMS-7,2WD,Gasoline,small car,3,15,22,18,3,No
McLAREN 620R Coupe,3.8,8.0,AMS-7,2WD,Gasoline,small car,3,15,22,18,3,No
McLAREN 720S Coupe,4.0,8.0,AMS-7,2WD,Gasoline,small car,3,15,22,18,3,No
McLAREN 720S Spider,4.0,8.0,AMS-7,2WD,Gasoline,small car,3,15,22,18,3,No
McLAREN GT,4.0,8.0,AMS-7,2WD,Gasoline,small car,6,15,22,18,3,No
McLAREN Speedtail,4.0,8.0,AMS-7,2WD,Gasoline,small car,3,12,20,15,2,No
NISSAN 370Z,3.7,6.0,Man-6,2WD,Gasoline,small car,3,17,26,20,4,No
NISSAN 370Z,3.7,6.0,SemiAuto-7,2WD,Gasoline,small car,3,19,26,22,4,No
NISSAN 370Z Roadster,3.7,6.0,SemiAuto-7,2WD,Gasoline,small car,3,18,25,21,4,No
NISSAN Altima,2.5,4.0,CVT,2WD,Gasoline,midsize car,7,28,39,32,7,Yes
NISSAN Altima,2.5,4.0,CVT,4WD,Gasoline,midsize car,7,26,36,30,7,Yes
NISSAN Altima SR/Platinum,2.0,4.0,CVT,2WD,Gasoline,midsize car,5,25,34,29,6,No
NISSAN Altima SR/Platinum,2.5,4.0,CVT,2WD,Gasoline,midsize car,7,27,37,31,7,Yes
NISSAN Altima SR/Platinum,2.5,4.0,CVT,4WD,Gasoline,midsize car,7,25,35,29,6,No
NISSAN Armada,5.6,8.0,SemiAuto-7,2WD,Gasoline,standard SUV,3,14,19,16,2,No
NISSAN Armada,5.6,8.0,SemiAuto-7,4WD,Gasoline,standard SUV,3,13,18,15,2,No
NISSAN Frontier,3.8,6.0,SemiAuto-9,2WD,Gasoline,pickup,5,18,24,20,4,No
NISSAN Frontier,3.8,6.0,SemiAuto-9,4WD,Gasoline,pickup,5,17,23,19,3,No
NISSAN GT-R,3.8,6.0,AMS-6,4WD,Gasoline,small car,3,16,22,18,3,No
NISSAN Kicks,1.6,4.0,CVT,2WD,Gasoline,midsize car,7,31,36,33,7,Yes
NISSAN Maxima,3.5,6.0,SCV-7,2WD,Gasoline,midsize car,3,20,30,24,5,No
NISSAN Murano,3.5,6.0,SCV-7,2WD,Gasoline,station wagon,5,20,28,23,5,No
NISSAN Murano,3.5,6.0,SCV-7,4WD,Gasoline,station wagon,5,20,28,23,5,No
NISSAN NV200,2.0,4.0,CVT,2WD,Gasoline,special purpose,3,24,26,25,5,No
NISSAN Pathfinder,3.5,6.0,CVT,2WD,Gasoline,small SUV,5,20,27,23,5,No
NISSAN Pathfinder,3.5,6.0,CVT,4WD,Gasoline,small SUV,5,20,27,22,4,No
NISSAN Pathfinder 4WD Platinum,3.5,6.0,CVT,4WD,Gasoline,small SUV,3,19,26,21,4,No
NISSAN Rogue,2.5,4.0,CVT,2WD,Gasoline,small SUV,7,26,33,29,6,No
NISSAN Rogue,2.5,4.0,CVT,4WD,Gasoline,small SUV,7,25,32,27,6,No
NISSAN Rogue Sport,2.0,4.0,SCV-8,2WD,Gasoline,station wagon,5,25,32,28,6,No
NISSAN Rogue Sport,2.0,4.0,SCV-8,4WD,Gasoline,station wagon,5,24,30,27,6,No
NISSAN Sentra,2.0,4.0,CVT,2WD,Gasoline,midsize car,7,29,39,33,7,Yes
NISSAN Sentra SR,2.0,4.0,CVT,2WD,Gasoline,midsize car,7,28,37,32,7,Yes
NISSAN Titan,5.6,8.0,SemiAuto-9,2WD,Gasoline,pickup,5,16,22,18,3,No
NISSAN Titan,5.6,8.0,SemiAuto-9,4WD,Gasoline,pickup,5,15,21,18,3,No
NISSAN Titan Pro-4X,5.6,8.0,SemiAuto-9,4WD,Gasoline,pickup,5,15,21,17,3,No
NISSAN Versa,1.6,4.0,CVT,2WD,Gasoline,small car,7,32,40,35,8,Yes
NISSAN Versa,1.6,4.0,Man-5,2WD,Gasoline,small car,7,27,35,30,7,Yes
PORSCHE 718 Cayman GT4,4.0,6.0,Man-6,2WD,Gasoline,small car,3,16,23,19,3,No
PORSCHE 718 Spyder,4.0,6.0,Man-6,2WD,Gasoline,small car,3,16,23,19,3,No
PORSCHE 911 Carrera,3.0,6.0,AMS-8,2WD,Gasoline,small car,5,18,24,20,4,No
PORSCHE 911 Carrera 4,3.0,6.0,AMS-8,4WD,Gasoline,small car,5,18,24,20,4,No
PORSCHE 911 Carrera 4 Cabriolet,3.0,6.0,AMS-8,4WD,Gasoline,small car,5,18,24,20,4,No
PORSCHE 911 Carrera 4S,3.0,6.0,AMS-8,4WD,Gasoline,small car,5,18,23,20,4,No
PORSCHE 911 Carrera 4S,3.0,6.0,Man-7,4WD,Gasoline,small car,5,17,24,20,4,No
PORSCHE 911 Carrera 4S Cabriolet,3.0,6.0,AMS-8,4WD,Gasoline,small car,5,18,23,20,4,No
PORSCHE 911 Carrera 4S Cabriolet,3.0,6.0,Man-7,4WD,Gasoline,small car,5,17,24,20,4,No
PORSCHE 911 Carrera Cabriolet,3.0,6.0,AMS-8,2WD,Gasoline,small car,5,17,24,20,4,No
PORSCHE 911 Carrera S,3.0,6.0,AMS-8,2WD,Gasoline,small car,5,18,24,20,4,No
PORSCHE 911 Carrera S,3.0,6.0,Man-7,2WD,Gasoline,small car,5,17,25,20,4,No
PORSCHE 911 Carrera S Cabriolet,3.0,6.0,AMS-8,2WD,Gasoline,small car,5,18,23,20,4,No
PORSCHE 911 Carrera S Cabriolet,3.0,6.0,Man-7,2WD,Gasoline,small car,5,17,25,20,4,No
PORSCHE Boxster,2.0,4.0,AMS-7,2WD,Gasoline,small car,1,21,27,24,5,No
PORSCHE Boxster,2.0,4.0,Man-6,2WD,Gasoline,small car,1,20,26,22,4,No
PORSCHE Boxster S,2.5,4.0,AMS-7,2WD,Gasoline,small car,1,19,25,22,4,No
PORSCHE Boxster S,2.5,4.0,Man-6,2WD,Gasoline,small car,1,19,24,21,4,No
PORSCHE Boxster T,2.0,4.0,AMS-7,2WD,Gasoline,small car,1,21,27,23,5,No
PORSCHE Boxster T,2.0,4.0,Man-6,2WD,Gasoline,small car,1,20,26,22,4,No
PORSCHE Cayenne,3.0,6.0,SemiAuto-8,4WD,Gasoline,standard SUV,5,19,23,20,4,No
PORSCHE Cayenne S,2.9,6.0,SemiAuto-8,4WD,Gasoline,standard SUV,5,18,22,19,3,No
PORSCHE Cayenne S,2.9,6.0,SemiAuto-8,4WD,Gasoline,standard SUV,5,18,22,20,4,No
PORSCHE Cayenne Turbo,4.0,8.0,SemiAuto-8,4WD,Gasoline,standard SUV,3,15,19,17,3,No
PORSCHE Cayman,2.0,4.0,AMS-7,2WD,Gasoline,small car,1,21,27,24,5,No
PORSCHE Cayman,2.0,4.0,Man-6,2WD,Gasoline,small car,1,20,26,22,4,No
PORSCHE Cayman S,2.5,4.0,AMS-7,2WD,Gasoline,small car,1,19,25,22,4,No
PORSCHE Cayman S,2.5,4.0,Man-6,2WD,Gasoline,small car,1,19,24,21,4,No
PORSCHE Macan,2.0,4.0,AMS-7,4WD,Gasoline,small SUV,5,19,23,21,4,No
PORSCHE Macan GTS,2.9,6.0,AMS-7,4WD,Gasoline,small SUV,5,17,22,19,3,No
PORSCHE Macan S,3.0,6.0,AMS-7,4WD,Gasoline,small SUV,5,18,23,20,4,No
PORSCHE Macan Turbo,2.9,6.0,AMS-7,4WD,Gasoline,small SUV,5,17,22,19,3,No
PORSCHE Panamera,3.0,6.0,AMS-8,2WD,Gasoline,large car,5,19,27,22,4,No
PORSCHE Panamera 4,3.0,6.0,AMS-8,4WD,Gasoline,large car,5,19,26,22,4,No
PORSCHE Panamera 4 Executive,3.0,6.0,AMS-8,4WD,Gasoline,large car,5,19,26,22,4,No
PORSCHE Panamera 4 ST,3.0,6.0,AMS-8,4WD,Gasoline,large car,5,19,26,22,4,No
PORSCHE Panamera 4S,2.9,6.0,AMS-8,4WD,Gasoline,large car,5,18,26,21,4,No
PORSCHE Panamera 4S Executive,2.9,6.0,AMS-8,4WD,Gasoline,large car,5,18,26,21,4,No
PORSCHE Panamera 4S ST,2.9,6.0,AMS-8,4WD,Gasoline,large car,5,18,24,20,4,No
PORSCHE Panamera GTS,4.0,8.0,AMS-8,4WD,Gasoline,large car,3,16,23,19,3,No
PORSCHE Panamera GTS ST,4.0,8.0,AMS-8,4WD,Gasoline,large car,3,15,22,18,3,No
PORSCHE Panamera Turbo,4.0,8.0,AMS-8,4WD,Gasoline,large car,3,18,25,21,4,No
PORSCHE Panamera Turbo Exec,4.0,8.0,AMS-8,4WD,Gasoline,large car,3,18,25,21,4,No
PORSCHE Panamera Turbo ST,4.0,8.0,AMS-8,4WD,Gasoline,large car,3,18,23,20,4,No
PORSHCE Cayman T,2.0,4.0,AMS-7,2WD,Gasoline,small car,1,21,27,23,5,No
PORSHCE Cayman T,2.0,4.0,Man-6,2WD,Gasoline,small car,1,20,26,22,4,No
RAM 1500,3.0,6.0,Auto-8,2WD,Diesel,pickup,1,22,32,26,5,No
RAM 1500,3.0,6.0,Auto-8,4WD,Diesel,pickup,1,21,29,24,4,No
RAM 1500,3.6,6.0,Auto-8,2WD,Gasoline,pickup,5,20,25,22,4,No
RAM 1500,3.6,6.0,Auto-8,4WD,Gasoline,pickup,5,19,24,21,4,No
RAM 1500,5.7,8.0,Auto-8,2WD,Gasoline,pickup,3,17,23,19,3,No
RAM 1500,5.7,8.0,Auto-8,2WD,Gasoline,pickup,5,15,22,17,3,No
RAM 1500,5.7,8.0,Auto-8,2WD,Gasoline,pickup,3,15,22,17,3,No
RAM 1500,5.7,8.0,Auto-8,4WD,Gasoline,pickup,3,17,22,19,3,No
RAM 1500,5.7,8.0,Auto-8,4WD,Gasoline,pickup,5,15,21,17,3,No
RAM 1500,5.7,8.0,Auto-8,4WD,Gasoline,pickup,3,15,21,17,3,No
RAM 1500 Classic,3.6,6.0,Auto-8,2WD,Gasoline,pickup,3,17,25,20,4,No
RAM 1500 Classic,3.6,6.0,Auto-8,4WD,Gasoline,pickup,3,16,23,19,3,No
RAM 1500 Classic,5.7,8.0,Auto-8,2WD,Gasoline,pickup,3,15,22,17,3,No
RAM 1500 Classic,5.7,8.0,Auto-8,4WD,Gasoline,pickup,3,15,21,17,3,No
RAM 1500 HFE,3.6,6.0,Auto-8,2WD,Gasoline,pickup,5,20,26,23,5,No
RAM Promaster City,2.4,4.0,Auto-9,2WD,Gasoline,special purpose,6,21,28,24,5,No
ROLLS-ROYCE Cullinan,6.7,12.0,SemiAuto-8,4WD,Gasoline,station wagon,3,12,20,14,1,No
ROLLS-ROYCE Cullinan Black Badge,6.7,12.0,SemiAuto-8,4WD,Gasoline,station wagon,3,12,20,14,1,No
ROLLS-ROYCE Dawn,6.6,12.0,SemiAuto-8,2WD,Gasoline,small car,3,12,18,14,1,No
ROLLS-ROYCE Ghost,6.6,12.0,SemiAuto-8,2WD,Gasoline,large car,3,12,18,14,1,No
ROLLS-ROYCE Ghost EWB,6.6,12.0,SemiAuto-8,2WD,Gasoline,large car,3,12,18,14,1,No
ROLLS-ROYCE Phantom,6.7,12.0,SemiAuto-8,2WD,Gasoline,large car,3,12,20,14,1,No
ROLLS-ROYCE Phantom EWB,6.7,12.0,SemiAuto-8,2WD,Gasoline,large car,3,12,20,14,1,No
ROLLS-ROYCE Wraith,6.6,12.0,SemiAuto-8,2WD,Gasoline,midsize car,3,12,18,14,1,No
ROUSH F150,5.0,8.0,SemiAuto-10,2WD,Gasoline,pickup,3,11,15,13,1,No
ROUSH F150,5.0,8.0,SemiAuto-10,4WD,Gasoline,pickup,3,11,15,13,1,No
ROUSH Stage 3 Mustang,5.0,8.0,Man-6,2WD,Gasoline,small car,3,13,20,15,2,No
ROUSH Stage 3 Mustang,5.0,8.0,SemiAuto-10,2WD,Gasoline,small car,3,12,18,14,1,No
SUBARU Ascent,2.4,4.0,SCV-8,4WD,Gasoline,standard SUV,3,21,27,23,5,No
SUBARU Ascent Limited/Touring,2.4,4.0,SCV-8,4WD,Gasoline,standard SUV,3,20,26,22,4,No
SUBARU BRZ,2.0,4.0,Man-6,2WD,Gasoline,small car,1,21,29,24,5,No
SUBARU BRZ,2.0,4.0,SemiAuto-6,2WD,Gasoline,small car,1,24,33,27,6,No
SUBARU BRZ tS,2.0,4.0,Man-6,2WD,Gasoline,small car,1,20,27,23,5,No
SUBARU Crosstrek,2.0,4.0,Man-6,4WD,Gasoline,small SUV,7,22,29,25,5,No
SUBARU Crosstrek,2.0,4.0,Man-6,4WD,Gasoline,small SUV,6,22,29,25,5,No
SUBARU Crosstrek,2.0,4.0,SCV-8,4WD,Gasoline,small SUV,7,27,33,30,7,Yes
SUBARU Crosstrek,2.0,4.0,SCV-8,4WD,Gasoline,small SUV,6,27,33,30,7,Yes
SUBARU Forester,2.5,4.0,SCV-7,4WD,Gasoline,small SUV,7,26,33,29,6,No
SUBARU Forester,2.5,4.0,SCV-7,4WD,Gasoline,small SUV,6,26,33,29,6,No
SUBARU Impreza,2.0,4.0,Man-5,4WD,Gasoline,midsize car,7,23,31,26,5,No
SUBARU Impreza,2.0,4.0,Man-5,4WD,Gasoline,station wagon,7,24,31,26,5,No
SUBARU Impreza,2.0,4.0,Man-5,4WD,Gasoline,midsize car,6,23,31,26,5,No
SUBARU Impreza,2.0,4.0,Man-5,4WD,Gasoline,station wagon,6,24,31,26,5,No
SUBARU Impreza,2.0,4.0,SCV-7,4WD,Gasoline,midsize car,7,28,36,31,7,Yes
SUBARU Impreza,2.0,4.0,SCV-7,4WD,Gasoline,station wagon,7,28,36,31,7,Yes
SUBARU Impreza,2.0,4.0,SCV-7,4WD,Gasoline,midsize car,6,28,36,31,7,Yes
SUBARU Impreza,2.0,4.0,SCV-7,4WD,Gasoline,station wagon,6,28,36,31,7,Yes
SUBARU Impreza 4-Door Sport,2.0,4.0,Man-5,4WD,Gasoline,midsize car,7,23,31,26,5,No
SUBARU Impreza 4-Door Sport,2.0,4.0,Man-5,4WD,Gasoline,midsize car,6,23,31,26,5,No
SUBARU Impreza 4-Door Sport,2.0,4.0,SCV-7,4WD,Gasoline,midsize car,7,27,36,30,7,Yes
SUBARU Impreza 4-Door Sport,2.0,4.0,SCV-7,4WD,Gasoline,midsize car,6,27,36,30,7,Yes
SUBARU Impreza 5-Door Sport,2.0,4.0,Man-5,4WD,Gasoline,station wagon,7,22,30,25,5,No
SUBARU Impreza 5-Door Sport,2.0,4.0,Man-5,4WD,Gasoline,station wagon,6,22,30,25,5,No
SUBARU Impreza 5-Door Sport,2.0,4.0,SCV-7,4WD,Gasoline,station wagon,7,27,35,30,7,Yes
SUBARU Impreza 5-Door Sport,2.0,4.0,SCV-7,4WD,Gasoline,station wagon,6,27,35,30,7,Yes
SUBARU Legacy,2.4,4.0,SCV-8,4WD,Gasoline,large car,3,24,32,27,6,No
SUBARU Legacy,2.5,4.0,SCV-8,4WD,Gasoline,large car,7,27,35,30,7,Yes
SUBARU Legacy,2.5,4.0,SCV-8,4WD,Gasoline,large car,6,27,35,30,7,Yes
SUBARU Outback AWD,2.4,4.0,SCV-8,4WD,Gasoline,small SUV,3,23,30,26,5,No
SUBARU Outback AWD,2.5,4.0,SCV-8,4WD,Gasoline,small SUV,7,26,33,29,6,No
SUBARU Outback AWD,2.5,4.0,SCV-8,4WD,Gasoline,small SUV,6,26,33,29,6,No
SUBARU WRX,2.0,4.0,Man-6,4WD,Gasoline,small car,1,21,27,23,5,No
SUBARU WRX,2.0,4.0,SCV-8,4WD,Gasoline,small car,1,18,24,21,4,No
SUBARU WRX,2.5,4.0,Man-6,4WD,Gasoline,small car,1,16,22,19,3,No
TOYOTA 4Runner,4.0,6.0,SemiAuto-5,2WD,Gasoline,standard SUV,5,16,19,17,3,No
TOYOTA 4Runner,4.0,6.0,SemiAuto-5,4WD,Gasoline,standard SUV,5,16,19,17,3,No
TOYOTA 86,2.0,4.0,Man-6,2WD,Gasoline,small car,1,21,28,24,5,No
TOYOTA 86,2.0,4.0,SemiAuto-6,2WD,Gasoline,small car,1,24,32,27,6,No
TOYOTA Avalon,3.5,6.0,SemiAuto-8,2WD,Gasoline,midsize car,5,22,31,25,5,No
TOYOTA Avalon Hybrid,2.5,4.0,SCV-6,2WD,Gasoline,midsize car,7,43,43,43,9,Yes
TOYOTA Avalon Hybrid XLE,2.5,4.0,SCV-6,2WD,Gasoline,midsize car,7,43,44,44,9,Yes
TOYOTA Avalon XLE,3.5,6.0,SemiAuto-8,2WD,Gasoline,midsize car,5,22,32,26,5,No
TOYOTA C-HR,2.0,4.0,SCV-7,2WD,Gasoline,small car,3,27,31,29,6,No
TOYOTA Camry,2.5,4.0,SemiAuto-8,2WD,Gasoline,midsize car,7,29,41,34,8,Yes
TOYOTA Camry,3.5,6.0,SemiAuto-8,2WD,Gasoline,midsize car,5,22,33,26,5,No
TOYOTA Camry Hybrid LE,2.5,4.0,SCV-6,2WD,Gasoline,midsize car,7,51,53,52,10,Elite
TOYOTA Camry Hybrid XLE/SE,2.5,4.0,SCV-6,2WD,Gasoline,midsize car,7,44,47,46,10,Elite
TOYOTA Camry LE/SE,2.5,4.0,SemiAuto-8,2WD,Gasoline,midsize car,7,28,39,32,7,Yes
TOYOTA Camry LE/SE,2.5,4.0,SemiAuto-8,4WD,Gasoline,midsize car,6,25,34,29,6,No
TOYOTA Camry TRD,3.5,6.0,SemiAuto-8,2WD,Gasoline,midsize car,5,22,31,25,5,No
TOYOTA Camry XLE/XSE,2.5,4.0,SemiAuto-8,2WD,Gasoline,midsize car,7,27,38,31,7,Yes
TOYOTA Camry XLE/XSE,2.5,4.0,SemiAuto-8,4WD,Gasoline,midsize car,6,25,34,28,6,No
TOYOTA Camry XSE,3.5,6.0,SemiAuto-8,2WD,Gasoline,midsize car,5,22,32,26,5,No
TOYOTA Corolla,1.8,4.0,CVT,2WD,Gasoline,small car,5,30,38,33,7,Yes
TOYOTA Corolla,1.8,4.0,Man-6,2WD,Gasoline,small car,5,29,39,33,7,Yes
TOYOTA Corolla,2.0,4.0,Man-6,2WD,Gasoline,small car,6,29,36,32,7,Yes
TOYOTA Corolla,2.0,4.0,SCV-10,2WD,Gasoline,small car,6,31,40,34,8,Yes
TOYOTA Corolla Hatchback,2.0,4.0,Man-6,2WD,Gasoline,small car,6,28,37,31,7,Yes
TOYOTA Corolla Hatchback,2.0,4.0,SCV-10,2WD,Gasoline,small car,6,32,41,35,8,Yes
TOYOTA Corolla Hatchback XSE,2.0,4.0,SCV-10,2WD,Gasoline,small car,6,30,38,33,7,Yes
TOYOTA Corolla Hybrid,1.8,4.0,CVT,2WD,Gasoline,small car,7,53,52,52,10,Elite
TOYOTA Corolla XLE,1.8,4.0,CVT,2WD,Gasoline,small car,5,29,37,32,7,Yes
TOYOTA Corolla XSE,2.0,4.0,SCV-10,2WD,Gasoline,small car,6,31,38,34,8,Yes
TOYOTA Highlander,3.5,6.0,SemiAuto-8,2WD,Gasoline,small SUV,5,20,28,23,5,No
TOYOTA Highlander,3.5,6.0,SemiAuto-8,2WD,Gasoline,small SUV,5,21,29,24,5,No
TOYOTA Highlander,3.5,6.0,SemiAuto-8,4WD,Gasoline,small SUV,5,20,27,23,5,No
TOYOTA Highlander Hybrid,2.5,4.0,SCV-6,2WD,Gasoline,small SUV,7,36,35,36,8,Yes
TOYOTA Highlander Hybrid,2.5,4.0,SCV-6,4WD,Gasoline,standard SUV,7,35,35,35,8,Yes
TOYOTA Highlander Hybrid LTD/PLAT,2.5,4.0,SCV-6,4WD,Gasoline,standard SUV,7,35,34,35,8,Yes
TOYOTA Land Cruiser,5.7,8.0,SemiAuto-8,4WD,Gasoline,standard SUV,3,13,17,14,1,No
TOYOTA Prius,1.8,4.0,CVT,2WD,Gasoline,midsize car,7,54,50,52,10,Elite
TOYOTA Prius,1.8,4.0,CVT,4WD,Gasoline,midsize car,7,52,48,50,10,Elite
TOYOTA Prius Eco,1.8,4.0,CVT,2WD,Gasoline,midsize car,7,58,53,56,10,Elite
TOYOTA RAV4,2.5,4.0,SemiAuto-8,2WD,Gasoline,small SUV,6,26,35,30,7,Yes
TOYOTA RAV4,2.5,4.0,SemiAuto-8,2WD,Gasoline,small SUV,6,28,35,30,7,Yes
TOYOTA RAV4,2.5,4.0,SemiAuto-8,4WD,Gasoline,small SUV,6,25,33,28,6,No
TOYOTA RAV4,2.5,4.0,SemiAuto-8,4WD,Gasoline,small SUV,6,27,33,29,6,No
TOYOTA RAV4 Hybrid,2.5,4.0,SCV-6,4WD,Gasoline,small SUV,7,41,38,40,9,Yes
TOYOTA RAV4 LE,2.5,4.0,SemiAuto-8,4WD,Gasoline,small SUV,6,27,34,30,7,Yes
TOYOTA RAV4 TRD Offroad,2.5,4.0,SemiAuto-8,4WD,Gasoline,small SUV,6,25,32,27,6,No
TOYOTA Sequoia,5.7,8.0,SemiAuto-6,2WD,Gasoline,standard SUV,5,13,17,15,2,No
TOYOTA Sequoia,5.7,8.0,SemiAuto-6,4WD,Gasoline,standard SUV,5,13,17,14,1,No
TOYOTA Sienna,3.5,6.0,SemiAuto-8,2WD,Gasoline,minivan,5,19,26,21,4,No
TOYOTA Sienna,3.5,6.0,SemiAuto-8,4WD,Gasoline,minivan,5,18,24,20,4,No
TOYOTA Supra 3.0,3.0,6.0,SemiAuto-8,2WD,Gasoline,small car,3,24,31,26,5,No
TOYOTA Tacoma,2.7,4.0,SemiAuto-6,2WD,Gasoline,pickup,5,20,23,21,4,No
TOYOTA Tacoma,2.7,4.0,SemiAuto-6,4WD,Gasoline,pickup,5,19,22,20,4,No
TOYOTA Tacoma,3.5,6.0,Man-6,4WD,Gasoline,pickup,5,17,21,18,3,No
TOYOTA Tacoma,3.5,6.0,SemiAuto-6,2WD,Gasoline,pickup,5,19,24,21,4,No
TOYOTA Tacoma,3.5,6.0,SemiAuto-6,4WD,Gasoline,pickup,5,18,22,20,4,No
TOYOTA Tacoma D-CAB MT TRD-ORP/PRO,3.5,6.0,Man-6,4WD,Gasoline,pickup,5,17,20,18,3,No
TOYOTA Tundra,5.7,8.0,SemiAuto-6,2WD,Gasoline,pickup,5,13,18,15,2,No
TOYOTA Tundra,5.7,8.0,SemiAuto-6,4WD,Gasoline,pickup,5,13,17,14,1,No
TOYOTA Yaris,1.5,4.0,Man-6,2WD,Gasoline,small car,3,30,39,34,8,No
TOYOTA Yaris,1.5,4.0,SemiAuto-6,2WD,Gasoline,small car,3,32,40,35,8,No
VOLKSWAGEN Arteon,2.0,4.0,SemiAuto-8,2WD,Gasoline,large car,3,22,29,25,5,No
VOLKSWAGEN Arteon 4Motion,2.0,4.0,SemiAuto-8,4WD,Gasoline,large car,3,20,29,23,5,No
VOLKSWAGEN Atlas,2.0,4.0,SemiAuto-8,2WD,Gasoline,small SUV,3,20,24,22,4,No
VOLKSWAGEN Atlas,3.6,6.0,SemiAuto-8,2WD,Gasoline,small SUV,5,17,23,19,3,No
VOLKSWAGEN Atlas 4Motion,3.6,6.0,SemiAuto-8,4WD,Gasoline,standard SUV,5,16,22,19,3,No
VOLKSWAGEN Atlas Cross Sport,2.0,4.0,SemiAuto-8,2WD,Gasoline,small SUV,3,21,24,22,4,No
VOLKSWAGEN Atlas Cross Sport,3.6,6.0,SemiAuto-8,2WD,Gasoline,small SUV,5,17,23,19,3,No
VOLKSWAGEN Atlas Cross Sport 4Motion,2.0,4.0,SemiAuto-8,4WD,Gasoline,small SUV,3,18,23,20,4,No
VOLKSWAGEN Atlas Cross Sport 4Motion,3.6,6.0,SemiAuto-8,4WD,Gasoline,small SUV,5,16,22,19,3,No
VOLKSWAGEN GTI,2.0,4.0,AMS-7,2WD,Gasoline,small car,7,24,32,27,6,No
VOLKSWAGEN GTI,2.0,4.0,Man-6,2WD,Gasoline,small car,7,24,32,27,6,No
VOLKSWAGEN Golf,1.4,4.0,Man-6,2WD,Gasoline,small car,7,28,36,31,7,Yes
VOLKSWAGEN Golf,1.4,4.0,SemiAuto-8,2WD,Gasoline,small car,7,29,35,32,7,Yes
VOLKSWAGEN Jetta,1.4,4.0,Man-6,2WD,Gasoline,small car,7,30,40,34,8,Yes
VOLKSWAGEN Jetta,1.4,4.0,SemiAuto-8,2WD,Gasoline,small car,7,30,40,34,8,Yes
VOLKSWAGEN Jetta,1.4,4.0,SemiAuto-8,2WD,Gasoline,small car,5,30,40,34,8,Yes
VOLKSWAGEN Jetta,2.0,4.0,AMS-7,2WD,Gasoline,small car,7,25,32,28,6,No
VOLKSWAGEN Jetta,2.0,4.0,Man-6,2WD,Gasoline,small car,7,25,33,28,6,No
VOLKSWAGEN Passat,2.0,4.0,SemiAuto-6,2WD,Gasoline,midsize car,7,23,34,27,6,No
VOLKSWAGEN Tiguan,2.0,4.0,SemiAuto-8,2WD,Gasoline,small SUV,7,22,29,25,5,No
VOLKSWAGEN Tiguan 4Motion,2.0,4.0,SemiAuto-8,4WD,Gasoline,small SUV,7,20,27,23,5,No
VOLVO S60,2.0,4.0,SemiAuto-8,2WD,Gasoline,small car,5,23,34,27,6,No
VOLVO S60,2.0,4.0,SemiAuto-8,4WD,Gasoline,small car,7,21,32,25,5,No
VOLVO S90,2.0,4.0,SemiAuto-8,4WD,Gasoline,midsize car,7,21,31,25,5,No
VOLVO V60,2.0,4.0,SemiAuto-8,2WD,Gasoline,station wagon,5,23,34,27,6,No
VOLVO V60 CC,2.0,4.0,SemiAuto-8,4WD,Gasoline,station wagon,5,22,31,25,5,No
VOLVO V90,2.0,4.0,SemiAuto-8,2WD,Gasoline,station wagon,5,22,33,26,5,No
VOLVO V90,2.0,4.0,SemiAuto-8,4WD,Gasoline,station wagon,7,21,31,25,5,No
VOLVO V90 CC,2.0,4.0,SemiAuto-8,4WD,Gasoline,station wagon,7,20,30,24,5,No
VOLVO XC40,2.0,4.0,SemiAuto-8,2WD,Gasoline,small SUV,5,23,33,27,6,No
VOLVO XC40,2.0,4.0,SemiAuto-8,4WD,Gasoline,small SUV,5,22,30,25,5,No
VOLVO XC60,2.0,4.0,SemiAuto-8,2WD,Gasoline,small SUV,5,22,29,24,5,No
VOLVO XC60,2.0,4.0,SemiAuto-8,4WD,Gasoline,small SUV,7,20,27,23,5,No
VOLVO XC60,2.0,4.0,SemiAuto-8,4WD,Gasoline,small SUV,5,20,27,23,5,No
VOLVO XC90,2.0,4.0,SemiAuto-8,2WD,Gasoline,standard SUV,5,21,30,25,5,No
VOLVO XC90,2.0,4.0,SemiAuto-8,4WD,Gasoline,standard SUV,7,18,26,21,4,No
VOLVO XC90,2.0,4.0,SemiAuto-8,4WD,Gasoline,standard SUV,5,20,27,23,5,No
AUDI A8 L,3.0,6.0,SemiAuto-8,4WD,Gasoline,large car,3,21,27,23,9,No
AUDI Q5,2.0,4.0,AMS-7,4WD,Gasoline,small SUV,7,25,29,27,10,Elite
BENTLEY Bentayga,3.0,6.0,SemiAuto-8,4WD,Gasoline,standard SUV,3,17,21,19,8,No
BMW 530e,2.0,4.0,SemiAuto-8,2WD,Gasoline,small car,7,25,31,27,10,Elite
BMW 530e,2.0,4.0,SemiAuto-8,4WD,Gasoline,small car,7,23,29,25,10,Elite
BMW 745e,3.0,6.0,SemiAuto-8,4WD,Gasoline,large car,3,19,26,22,8,No
BMW X3 xDrive30e,2.0,4.0,SemiAuto-8,4WD,Gasoline,small SUV,7,21,27,24,9,Yes
BMW i3,0.6,2.0,Auto-1,2WD,Gasoline,small car,7,30,31,31,10,Elite
BMW i3s,0.6,2.0,Auto-1,2WD,Gasoline,small car,7,30,31,31,10,Elite
BMW i8 Coupe,1.5,3.0,Auto-6,4WD,Gasoline,small car,3,26,29,27,10,No
BMW i8 Roadster,1.5,3.0,Auto-6,4WD,Gasoline,small car,3,26,29,27,10,No
CHEVROLET Impala,3.6,6.0,SemiAuto-6,2WD,Ethanol,large car,5,14,20,16,4,No
CHEVROLET Silverado,5.3,8.0,Auto-6,2WD,Ethanol,pickup,3,11,14,12,2,No
CHEVROLET Silverado,5.3,8.0,Auto-6,4WD,Ethanol,pickup,3,11,13,12,2,No
CHEVROLET Suburban 1500,5.3,8.0,Auto-6,2WD,Ethanol,standard SUV,3,11,17,13,3,No
CHEVROLET Suburban 1500,5.3,8.0,Auto-6,4WD,Ethanol,standard SUV,3,11,15,12,2,No
CHEVROLET Tahoe 1500,5.3,8.0,Auto-6,2WD,Ethanol,standard SUV,3,11,17,13,3,No
CHEVROLET Tahoe 1500,5.3,8.0,Auto-6,4WD,Ethanol,standard SUV,3,11,16,13,3,No
CHRYSLER Pacifica Hybrid,3.6,6.0,CVT,2WD,Gasoline,minivan,7,29,30,30,10,Elite
FORD Escape PHEV,2.5,4.0,CVT,2WD,Gasoline,small SUV,7,43,38,41,10,Elite
FORD Explorer FFV,3.3,6.0,SemiAuto-10,4WD,Ethanol,standard SUV,5,11,15,13,3,No
FORD F150 FFV,3.3,6.0,SemiAuto-6,2WD,Ethanol,pickup,5,14,19,16,4,No
FORD F150 FFV,3.3,6.0,SemiAuto-6,4WD,Ethanol,pickup,5,13,17,15,4,No
FORD F150 FFV,5.0,8.0,SemiAuto-10,2WD,Ethanol,pickup,3,12,17,14,3,No
FORD F150 FFV,5.0,8.0,SemiAuto-10,2WD,Ethanol,pickup,3,12,17,14,3,No
FORD F150 FFV,5.0,8.0,SemiAuto-10,4WD,Ethanol,pickup,3,12,15,13,3,No
FORD F150 FFV BASE PAYLOAD LT,5.0,8.0,SemiAuto-10,2WD,Ethanol,pickup,3,12,17,14,3,No
FORD Fusion Energi Plug-in Hybrid,2.0,4.0,CVT,2WD,Gasoline,midsize car,7,43,40,42,10,Elite
FORD Fusion Special Service PHEV,2.0,4.0,CVT,2WD,Gasoline,midsize car,7,43,40,42,10,Elite
FORD Transit Connect,2.0,4.0,SemiAuto-8,2WD,Ethanol,special purpose,5,17,21,19,5,No
FORD Transit Connect,2.0,4.0,SemiAuto-8,2WD,Ethanol,special purpose,5,18,20,19,5,No
FORD Transit T150 Wagon FFV,3.5,6.0,SemiAuto-10,2WD,Ethanol,van,1,11,15,12,3,No
FORD Transit T150 Wagon FFV,3.5,6.0,SemiAuto-10,4WD,Ethanol,van,1,11,14,12,2,No
GMC Sierra,5.3,8.0,Auto-6,2WD,Ethanol,pickup,3,11,14,12,2,No
GMC Sierra,5.3,8.0,Auto-6,4WD,Ethanol,pickup,3,11,14,12,2,No
GMC Yukon 1500,5.3,8.0,Auto-6,2WD,Ethanol,standard SUV,3,11,17,13,3,No
GMC Yukon 1500,5.3,8.0,Auto-6,4WD,Ethanol,standard SUV,3,11,16,13,3,No
GMC Yukon 1500 XL,5.3,8.0,Auto-6,2WD,Ethanol,standard SUV,3,11,17,13,3,No
GMC Yukon 1500 XL,5.3,8.0,Auto-6,4WD,Ethanol,standard SUV,3,11,15,12,2,No
HONDA Clarity,1.5,4.0,CVT,2WD,Gasoline,midsize car,8,44,40,42,10,Elite
HYUNDAI Ioniq Plug-in Hybrid,1.6,4.0,AutoMan-6,2WD,Gasoline,midsize car,7,53,52,52,10,Elite
KARMA Revero GT (21-inch wheels),1.5,3.0,Auto-1,2WD,Gasoline,small car,7,27,25,26,10,Elite
KIA Niro Plug-in Hybrid,1.6,4.0,AutoMan-6,2WD,Gasoline,station wagon,7,48,44,46,10,Elite
KIA Optima plug-in hybrid,2.0,4.0,AutoMan-6,2WD,Gasoline,midsize car,7,39,44,41,10,Elite
LAND ROVER Range Rover PHEV,2.0,4.0,SemiAuto-8,4WD,Gasoline,standard SUV,7,18,21,19,8,Yes
LAND ROVER Range Rover Sport PHEV,2.0,4.0,SemiAuto-8,4WD,Gasoline,standard SUV,7,18,21,19,8,Yes
LINCOLN Aviator PHEV,3.0,6.0,SemiAuto-10,4WD,Gasoline,standard SUV,7,22,25,23,9,Yes
MERCEDES-BENZ GLC 350e 4Matic,2.0,4.0,Auto-9,4WD,Gasoline,small SUV,5,23,28,25,10,Yes
MERCEDES-BENZ S560 e,3.0,6.0,Auto-9,2WD,Gasoline,large car,3,21,26,23,9,No
MINI Cooper SE Countryman All4,1.5,3.0,SemiAuto-6,4WD,Gasoline,midsize car,3,29,30,29,10,No
MITSUBISHI Outlander PHEV,2.0,4.0,Auto-1,4WD,Gasoline,small SUV,7,25,26,25,10,Elite
PAGANI Polestar 1,2.0,4.0,SemiAuto-8,4WD,Gasoline,small car,5,22,31,26,10,Yes
PORSCHE Cayenne Turbo S e-Hybrid,4.0,8.0,SemiAuto-8,4WD,Gasoline,standard SUV,3,16,20,18,5,No
PORSCHE Cayenne e-Hybrid,3.0,6.0,SemiAuto-8,4WD,Gasoline,standard SUV,3,20,22,21,7,No
PORSCHE Panamera 4 e-Hybrid,2.9,6.0,AMS-8,4WD,Gasoline,large car,5,21,24,23,8,Yes
PORSCHE Panamera 4 e-Hybrid Executive,2.9,6.0,AMS-8,4WD,Gasoline,large car,5,21,24,23,8,Yes
PORSCHE Panamera 4 e-Hybrid ST,2.9,6.0,AMS-8,4WD,Gasoline,large car,5,21,24,23,8,Yes
PORSCHE Panamera Turbo S e-Hybrid,4.0,8.0,AMS-8,4WD,Gasoline,large car,3,19,22,20,7,No
PORSCHE Panamera Turbo S e-Hybrid Exec,4.0,8.0,AMS-8,4WD,Gasoline,large car,3,19,22,20,7,No
PORSCHE Panamera Turbo S e-Hybrid ST,4.0,8.0,AMS-8,4WD,Gasoline,large car,3,19,22,20,7,No
SUBARU Crosstrek Hybrid,2.0,4.0,CVT,4WD,Gasoline,small SUV,7,36,35,35,10,Elite
SUBARU Crosstrek Hybrid,2.0,4.0,CVT,4WD,Gasoline,small SUV,6,36,35,35,10,Yes
TOYOTA Prius Prime,1.8,4.0,CVT,2WD,Gasoline,midsize car,7,55,53,54,10,Elite
VOLVO S60,2.0,4.0,SemiAuto-8,4WD,Gasoline,small car,7,28,33,30,10,Elite
VOLVO S90,2.0,4.0,SemiAuto-8,4WD,Gasoline,midsize car,7,28,31,30,10,Elite
VOLVO V60,2.0,4.0,SemiAuto-8,4WD,Gasoline,station wagon,7,28,33,30,10,Elite
VOLVO XC60,2.0,4.0,SemiAuto-8,4WD,Gasoline,small SUV,7,26,28,27,10,Elite
VOLVO XC90,2.0,4.0,SemiAuto-8,4WD,Gasoline,standard SUV,7,26,28,27,10,Elite
AUDI A8 L,3.0,6.0,SemiAuto-8,4WD,Electricity,large car,3,49,61,54,9,No
AUDI Q5,2.0,4.0,AMS-7,4WD,Electricity,small SUV,7,64,66,65,10,Elite
BENTLEY Bentayga,3.0,6.0,SemiAuto-8,4WD,Electricity,standard SUV,3,43,49,45,8,No
BMW 530e,2.0,4.0,SemiAuto-8,2WD,Electricity,small car,7,65,75,69,10,Elite
BMW 530e,2.0,4.0,SemiAuto-8,4WD,Electricity,small car,7,62,68,65,10,Elite
BMW 745e,3.0,6.0,SemiAuto-8,4WD,Electricity,large car,3,52,61,56,8,No
BMW X3 xDrive30e,2.0,4.0,SemiAuto-8,4WD,Electricity,small SUV,7,59,61,60,9,Yes
BMW i3,0.6,2.0,Auto-1,2WD,Electricity,small car,7,107,93,100,10,Elite
BMW i3s,0.6,2.0,Auto-1,2WD,Electricity,small car,7,107,93,100,10,Elite
BMW i8 Coupe,1.5,3.0,Auto-6,4WD,Electricity,small car,3,68,70,69,10,No
BMW i8 Roadster,1.5,3.0,Auto-6,4WD,Electricity,small car,3,68,70,69,10,No
CHEVROLET Impala,3.6,6.0,SemiAuto-6,2WD,Gas,large car,5,18,28,22,4,No
CHEVROLET Silverado,5.3,8.0,Auto-6,2WD,Gas,pickup,3,15,19,16,2,No
CHEVROLET Silverado,5.3,8.0,Auto-6,4WD,Gas,pickup,3,14,18,16,2,No
CHEVROLET Suburban 1500,5.3,8.0,Auto-6,2WD,Gas,standard SUV,3,15,22,18,3,No
CHEVROLET Suburban 1500,5.3,8.0,Auto-6,4WD,Gas,standard SUV,3,14,21,16,2,No
CHEVROLET Tahoe 1500,5.3,8.0,Auto-6,2WD,Gas,standard SUV,3,15,22,18,3,No
CHEVROLET Tahoe 1500,5.3,8.0,Auto-6,4WD,Gas,standard SUV,3,15,21,17,3,No
CHRYSLER Pacifica Hybrid,3.6,6.0,CVT,2WD,Electricity,minivan,7,87,76,82,10,Elite
FORD Escape PHEV,2.5,4.0,CVT,2WD,Electricity,small SUV,7,109,91,100,10,Elite
FORD Explorer FFV,3.3,6.0,SemiAuto-10,4WD,Gas,standard SUV,5,16,23,19,3,No
FORD F150 FFV,3.3,6.0,SemiAuto-6,2WD,Gas,pickup,5,19,25,22,4,No
FORD F150 FFV,3.3,6.0,SemiAuto-6,4WD,Gas,pickup,5,18,23,20,4,No
FORD F150 FFV,5.0,8.0,SemiAuto-10,2WD,Gas,pickup,3,15,20,17,3,No
FORD F150 FFV,5.0,8.0,SemiAuto-10,2WD,Gas,pickup,3,17,23,19,3,No
FORD F150 FFV,5.0,8.0,SemiAuto-10,4WD,Gas,pickup,3,15,21,18,3,No
FORD F150 FFV BASE PAYLOAD LT,5.0,8.0,SemiAuto-10,2WD,Gas,pickup,3,16,21,18,3,No
FORD Fusion Energi Plug-in Hybrid,2.0,4.0,CVT,2WD,Electricity,midsize car,7,109,97,103,10,Elite
FORD Fusion Special Service PHEV,2.0,4.0,CVT,2WD,Electricity,midsize car,7,106,97,102,10,Elite
FORD Transit Connect,2.0,4.0,SemiAuto-8,2WD,Gas,special purpose,5,24,29,26,5,No
FORD Transit Connect,2.0,4.0,SemiAuto-8,2WD,Gas,special purpose,5,24,27,25,5,No
FORD Transit T150 Wagon FFV,3.5,6.0,SemiAuto-10,2WD,Gas,van,1,15,19,17,3,No
FORD Transit T150 Wagon FFV,3.5,6.0,SemiAuto-10,4WD,Gas,van,1,14,19,16,2,No
GMC Sierra,5.3,8.0,Auto-6,2WD,Gas,pickup,3,15,19,16,2,No
GMC Sierra,5.3,8.0,Auto-6,4WD,Gas,pickup,3,14,19,16,2,No
GMC Yukon 1500,5.3,8.0,Auto-6,2WD,Gas,standard SUV,3,15,22,18,3,No
GMC Yukon 1500,5.3,8.0,Auto-6,4WD,Gas,standard SUV,3,15,21,17,3,No
GMC Yukon 1500 XL,5.3,8.0,Auto-6,2WD,Gas,standard SUV,3,15,22,18,3,No
GMC Yukon 1500 XL,5.3,8.0,Auto-6,4WD,Gas,standard SUV,3,14,21,16,2,No
HONDA Clarity,1.5,4.0,CVT,2WD,Electricity,midsize car,8,117,102,110,10,Elite
HYUNDAI Ioniq Plug-in Hybrid,1.6,4.0,AutoMan-6,2WD,Electricity,midsize car,7,123,114,119,10,Elite
KARMA Revero GT (21-inch wheels),1.5,3.0,Auto-1,2WD,Electricity,small car,7,71,69,70,10,Elite
KIA Niro Plug-in Hybrid,1.6,4.0,AutoMan-6,2WD,Electricity,station wagon,7,110,99,105,10,Elite
KIA Optima plug-in hybrid,2.0,4.0,AutoMan-6,2WD,Electricity,midsize car,7,103,100,101,10,Elite
LAND ROVER Range Rover PHEV,2.0,4.0,SemiAuto-8,4WD,Electricity,standard SUV,7,42,42,42,8,Yes
LAND ROVER Range Rover Sport PHEV,2.0,4.0,SemiAuto-8,4WD,Electricity,standard SUV,7,42,42,42,8,Yes
LINCOLN Aviator PHEV,3.0,6.0,SemiAuto-10,4WD,Electricity,standard SUV,7,54,58,56,9,Yes
MERCEDES-BENZ GLC 350e 4Matic,2.0,4.0,Auto-9,4WD,Electricity,small SUV,5,67,70,68,10,Yes
MERCEDES-BENZ S560 e,3.0,6.0,Auto-9,2WD,Electricity,large car,3,58,73,64,9,No
MINI Cooper SE Countryman All4,1.5,3.0,SemiAuto-6,4WD,Electricity,midsize car,3,74,72,73,10,No
MITSUBISHI Outlander PHEV,2.0,4.0,Auto-1,4WD,Electricity,small SUV,7,78,70,74,10,Elite
PAGANI Polestar 1,2.0,4.0,SemiAuto-8,4WD,Electricity,small car,5,55,61,58,10,Yes
PORSCHE Cayenne Turbo S e-Hybrid,4.0,8.0,SemiAuto-8,4WD,Electricity,standard SUV,3,34,46,39,5,No
PORSCHE Cayenne e-Hybrid,3.0,6.0,SemiAuto-8,4WD,Electricity,standard SUV,3,45,37,41,7,No
PORSCHE Panamera 4 e-Hybrid,2.9,6.0,AMS-8,4WD,Electricity,large car,5,48,54,51,8,Yes
PORSCHE Panamera 4 e-Hybrid Executive,2.9,6.0,AMS-8,4WD,Electricity,large car,5,48,54,51,8,Yes
PORSCHE Panamera 4 e-Hybrid ST,2.9,6.0,AMS-8,4WD,Electricity,large car,5,48,54,51,8,Yes
PORSCHE Panamera Turbo S e-Hybrid,4.0,8.0,AMS-8,4WD,Electricity,large car,3,46,51,48,7,No
PORSCHE Panamera Turbo S e-Hybrid Exec,4.0,8.0,AMS-8,4WD,Electricity,large car,3,46,51,48,7,No
PORSCHE Panamera Turbo S e-Hybrid ST,4.0,8.0,AMS-8,4WD,Electricity,large car,3,46,51,48,7,No
SUBARU Crosstrek Hybrid,2.0,4.0,CVT,4WD,Electricity,small SUV,7,99,80,90,10,Elite
SUBARU Crosstrek Hybrid,2.0,4.0,CVT,4WD,Electricity,small SUV,6,99,80,90,10,Yes
TOYOTA Prius Prime,1.8,4.0,CVT,2WD,Electricity,midsize car,7,145,121,133,10,Elite
VOLVO S60,2.0,4.0,SemiAuto-8,4WD,Electricity,small car,7,70,68,69,10,Elite
VOLVO S90,2.0,4.0,SemiAuto-8,4WD,Electricity,midsize car,7,58,64,60,10,Elite
VOLVO V60,2.0,4.0,SemiAuto-8,4WD,Electricity,station wagon,7,70,68,69,10,Elite
VOLVO XC60,2.0,4.0,SemiAuto-8,4WD,Electricity,small SUV,7,56,57,57,10,Elite
VOLVO XC90,2.0,4.0,SemiAuto-8,4WD,Electricity,standard SUV,7,58,52,55,10,Elite
